trainer,system,op,n,auroc,fpr,tpr,source,paper_clean_auroc
artifactbench,CLAM,clean,6622,0.7004262671295931,0.0489,0.148,baseline_attack_rates.json,0.7004254451721508
artifactbench,CLAM,speed,3408,0.686599458161381,0.0582,0.1764,baseline_attack_rates.json,0.7004254451721508
artifactbench,CLAM,pitch,6622,0.6032602119992636,0.0778,0.1497,baseline_attack_rates.json,0.7004254451721508
artifactbench,CLAM,stretch,4281,0.6339210711938312,0.0555,0.1046,baseline_attack_rates.json,0.7004254451721508
artifactbench,CLAM,noise,6622,0.6355703727083827,0.0488,0.1241,baseline_attack_rates.json,0.7004254451721508
artifactbench,CLAM,eq,6622,0.6979923689471054,0.0456,0.1471,baseline_attack_rates.json,0.7004254451721508
artifactbench,CLAM,reverb,6622,0.6913490623109497,0.0457,0.1213,baseline_attack_rates.json,0.7004254451721508
artifactbench,CLAM,lowpass,6622,0.6669291998737474,0.0582,0.1613,baseline_attack_rates.json,0.7004254451721508
artifactbench,CLAM,mp3_64,6622,0.6653829335332333,0.1089,0.2489,baseline_attack_rates.json,0.7004254451721508
artifactbench,CLAM,aac_64,6622,0.6959314750519477,0.0478,0.1478,baseline_attack_rates.json,0.7004254451721508
artifactbench,CLAM,opus_64,6622,0.6982392027670374,0.0588,0.1736,baseline_attack_rates.json,0.7004254451721508
echoes,CLAM,clean,6622,0.6063024408848208,0.0489,0.0622,baseline_attack_rates.json,0.6063009613614245
echoes,CLAM,speed,3408,0.5890426508722895,0.0518,0.0792,baseline_attack_rates.json,0.6063009613614245
echoes,CLAM,pitch,6622,0.5922652160761724,0.0609,0.0907,baseline_attack_rates.json,0.6063009613614245
echoes,CLAM,stretch,4281,0.5727801022780102,0.0745,0.0783,baseline_attack_rates.json,0.6063009613614245
echoes,CLAM,noise,6622,0.5695571622083695,0.021,0.0215,baseline_attack_rates.json,0.6063009613614245
echoes,CLAM,eq,6622,0.6016039677529657,0.0437,0.0652,baseline_attack_rates.json,0.6063009613614245
echoes,CLAM,reverb,6622,0.5915091796207159,0.045,0.0653,baseline_attack_rates.json,0.6063009613614245
echoes,CLAM,lowpass,6622,0.6058516794234461,0.0401,0.0723,baseline_attack_rates.json,0.6063009613614245
echoes,CLAM,mp3_64,6622,0.5960069307451539,0.06,0.0881,baseline_attack_rates.json,0.6063009613614245
echoes,CLAM,aac_64,6622,0.597800441884321,0.0422,0.0636,baseline_attack_rates.json,0.6063009613614245
echoes,CLAM,opus_64,6622,0.6071208639101502,0.0417,0.0715,baseline_attack_rates.json,0.6063009613614245
sonics,CLAM,clean,6622,0.6455245239222493,0.046,0.2607,baseline_attack_rates.json,0.645525099292459
sonics,CLAM,speed,3408,0.5407911398791205,0.6089,0.6653,baseline_attack_rates.json,0.645525099292459
sonics,CLAM,pitch,6622,0.5163679673321235,0.5277,0.5539,baseline_attack_rates.json,0.645525099292459
sonics,CLAM,stretch,4281,0.6168983151381074,0.0536,0.2686,baseline_attack_rates.json,0.645525099292459
sonics,CLAM,noise,6622,0.5317196664825482,0.0004,0.0006,baseline_attack_rates.json,0.645525099292459
sonics,CLAM,eq,6622,0.6411522856992556,0.0471,0.2515,baseline_attack_rates.json,0.645525099292459
sonics,CLAM,reverb,6622,0.6255048462610799,0.0458,0.2485,baseline_attack_rates.json,0.645525099292459
sonics,CLAM,lowpass,6622,0.558131213998264,0.4165,0.5068,baseline_attack_rates.json,0.645525099292459
sonics,CLAM,mp3_64,6622,0.4918708408953418,0.863,0.8544,baseline_attack_rates.json,0.645525099292459
sonics,CLAM,aac_64,6622,0.6385613114495384,0.044,0.2498,baseline_attack_rates.json,0.645525099292459
sonics,CLAM,opus_64,6622,0.6181675609563639,0.158,0.4058,baseline_attack_rates.json,0.645525099292459
artifactbench,MusicDET,clean,6622,0.503012556221889,0.0484,0.0612,baseline_attack_rates.json,0.503012556221889
artifactbench,MusicDET,speed,3408,0.4669599523747061,0.051,0.0519,baseline_attack_rates.json,0.503012556221889
artifactbench,MusicDET,pitch,6622,0.47372991136010945,0.0695,0.0735,baseline_attack_rates.json,0.503012556221889
artifactbench,MusicDET,stretch,4281,0.5126320556597573,0.0501,0.0645,baseline_attack_rates.json,0.503012556221889
artifactbench,MusicDET,noise,6622,0.4706751065256845,0.0492,0.0599,baseline_attack_rates.json,0.503012556221889
artifactbench,MusicDET,eq,6622,0.503445070228044,0.0481,0.0626,baseline_attack_rates.json,0.503012556221889
artifactbench,MusicDET,reverb,6622,0.5107783279412925,0.0494,0.0616,baseline_attack_rates.json,0.503012556221889
artifactbench,MusicDET,lowpass,6622,0.4814596813435388,0.0198,0.0243,baseline_attack_rates.json,0.503012556221889
artifactbench,MusicDET,mp3_64,6622,0.4758420132039243,0.0629,0.0698,baseline_attack_rates.json,0.503012556221889
artifactbench,MusicDET,aac_64,6622,0.5064096241353008,0.0477,0.0602,baseline_attack_rates.json,0.503012556221889
artifactbench,MusicDET,opus_64,6622,0.5068157533075568,0.0453,0.0564,baseline_attack_rates.json,0.503012556221889
echoes,MusicDET,clean,6622,0.5383619867697731,0.0463,0.0647,baseline_attack_rates.json,0.5383619867697731
echoes,MusicDET,speed,3408,0.5123903331752551,0.0893,0.1179,baseline_attack_rates.json,0.5383619867697731
echoes,MusicDET,pitch,6622,0.527404389910308,0.0376,0.0461,baseline_attack_rates.json,0.5383619867697731
echoes,MusicDET,stretch,4281,0.5462194809150516,0.0321,0.0477,baseline_attack_rates.json,0.5383619867697731
echoes,MusicDET,noise,6622,0.44770879362950106,0.0098,0.0145,baseline_attack_rates.json,0.5383619867697731
echoes,MusicDET,eq,6622,0.5390781582892764,0.0455,0.0635,baseline_attack_rates.json,0.5383619867697731
echoes,MusicDET,reverb,6622,0.5417288888450511,0.0373,0.0459,baseline_attack_rates.json,0.5383619867697731
echoes,MusicDET,lowpass,6622,0.5183041702832794,0.1667,0.222,baseline_attack_rates.json,0.5383619867697731
echoes,MusicDET,mp3_64,6622,0.5100728418685394,0.0564,0.07,baseline_attack_rates.json,0.5383619867697731
echoes,MusicDET,aac_64,6622,0.5398743884636629,0.0444,0.0606,baseline_attack_rates.json,0.5383619867697731
echoes,MusicDET,opus_64,6622,0.5431761915095085,0.0445,0.0584,baseline_attack_rates.json,0.5383619867697731
sonics,MusicDET,clean,6622,0.517774172124464,0.0512,0.0781,baseline_attack_rates.json,0.517774172124464
sonics,MusicDET,speed,3408,0.4736780701665877,0.0791,0.0825,baseline_attack_rates.json,0.517774172124464
sonics,MusicDET,pitch,6622,0.47904583892264396,0.0657,0.0766,baseline_attack_rates.json,0.517774172124464
sonics,MusicDET,stretch,4281,0.5309928020647975,0.0372,0.0608,baseline_attack_rates.json,0.517774172124464
sonics,MusicDET,noise,6622,0.4831790519214077,0.0288,0.0518,baseline_attack_rates.json,0.517774172124464
sonics,MusicDET,eq,6622,0.5179413582682343,0.0507,0.0785,baseline_attack_rates.json,0.517774172124464
sonics,MusicDET,reverb,6622,0.5252882604750256,0.0427,0.0657,baseline_attack_rates.json,0.517774172124464
sonics,MusicDET,lowpass,6622,0.4984380342723375,0.0396,0.0505,baseline_attack_rates.json,0.517774172124464
sonics,MusicDET,mp3_64,6622,0.4813302230463716,0.0758,0.0946,baseline_attack_rates.json,0.517774172124464
sonics,MusicDET,aac_64,6622,0.5204497257949972,0.0499,0.0761,baseline_attack_rates.json,0.517774172124464
sonics,MusicDET,opus_64,6622,0.5188139482890133,0.0432,0.0621,baseline_attack_rates.json,0.517774172124464
artifactbench,SpecTTTra,clean,6622,0.69543657447592,0.0453,0.1405,baseline_attack_rates.json,0.69543657447592
artifactbench,SpecTTTra,speed,3408,0.5818654333195435,0.0588,0.0859,baseline_attack_rates.json,0.69543657447592
artifactbench,SpecTTTra,pitch,6622,0.5859033476682711,0.0479,0.0884,baseline_attack_rates.json,0.69543657447592
artifactbench,SpecTTTra,stretch,4281,0.6895545776623544,0.0414,0.1185,baseline_attack_rates.json,0.69543657447592
artifactbench,SpecTTTra,noise,6622,0.6625032056340251,0.0987,0.2604,baseline_attack_rates.json,0.69543657447592
artifactbench,SpecTTTra,eq,6622,0.6925995061679686,0.0437,0.1427,baseline_attack_rates.json,0.69543657447592
artifactbench,SpecTTTra,reverb,6622,0.6863902752571083,0.047,0.1377,baseline_attack_rates.json,0.69543657447592
artifactbench,SpecTTTra,lowpass,6622,0.5972956778189853,0.0511,0.116,baseline_attack_rates.json,0.69543657447592
artifactbench,SpecTTTra,mp3_64,6622,0.5634471415607984,0.3414,0.422,baseline_attack_rates.json,0.69543657447592
artifactbench,SpecTTTra,aac_64,6622,0.6941967338699071,0.0441,0.1385,baseline_attack_rates.json,0.69543657447592
artifactbench,SpecTTTra,opus_64,6622,0.7007224183960652,0.0404,0.1262,baseline_attack_rates.json,0.69543657447592
echoes,SpecTTTra,clean,6622,0.6161842598437623,0.0443,0.1105,baseline_attack_rates.json,0.6161842598437623
echoes,SpecTTTra,speed,3408,0.5612094125541082,0.0316,0.0597,baseline_attack_rates.json,0.6161842598437623
echoes,SpecTTTra,pitch,6622,0.5468080104684501,0.0412,0.084,baseline_attack_rates.json,0.6161842598437623
echoes,SpecTTTra,stretch,4281,0.6061589236762371,0.0316,0.0977,baseline_attack_rates.json,0.6161842598437623
echoes,SpecTTTra,noise,6622,0.5794234461716511,0.0469,0.0772,baseline_attack_rates.json,0.6161842598437623
echoes,SpecTTTra,eq,6622,0.6128862378021516,0.0454,0.11,baseline_attack_rates.json,0.6161842598437623
echoes,SpecTTTra,reverb,6622,0.6106625963334122,0.0472,0.1126,baseline_attack_rates.json,0.6161842598437623
echoes,SpecTTTra,lowpass,6622,0.5859150194639523,0.0171,0.058,baseline_attack_rates.json,0.6161842598437623
echoes,SpecTTTra,mp3_64,6622,0.5686803802046345,0.139,0.2321,baseline_attack_rates.json,0.6161842598437623
echoes,SpecTTTra,aac_64,6622,0.6161049409505774,0.0438,0.1098,baseline_attack_rates.json,0.6161842598437623
echoes,SpecTTTra,opus_64,6622,0.6240301724137931,0.0432,0.1112,baseline_attack_rates.json,0.6161842598437623
sonics,SpecTTTra,clean,6622,0.661757197059365,0.0463,0.2363,baseline_attack_rates.json,0.661757197059365
sonics,SpecTTTra,speed,3408,0.4899893549396107,0.3408,0.3369,baseline_attack_rates.json,0.661757197059365
sonics,SpecTTTra,pitch,6622,0.516097789920829,0.3235,0.3521,baseline_attack_rates.json,0.661757197059365
sonics,SpecTTTra,stretch,4281,0.6708012712611616,0.0373,0.2435,baseline_attack_rates.json,0.661757197059365
sonics,SpecTTTra,noise,6622,0.6503657710618376,0.0299,0.0785,baseline_attack_rates.json,0.661757197059365
sonics,SpecTTTra,eq,6622,0.6641675050632578,0.0459,0.2346,baseline_attack_rates.json,0.661757197059365
sonics,SpecTTTra,reverb,6622,0.6601602981404036,0.0491,0.2359,baseline_attack_rates.json,0.661757197059365
sonics,SpecTTTra,lowpass,6622,0.5356778847418395,0.1563,0.1863,baseline_attack_rates.json,0.661757197059365
sonics,SpecTTTra,mp3_64,6622,0.44216280017885795,0.9396,0.9451,baseline_attack_rates.json,0.661757197059365
sonics,SpecTTTra,aac_64,6622,0.6622659887161682,0.0456,0.2305,baseline_attack_rates.json,0.661757197059365
sonics,SpecTTTra,opus_64,6622,0.6019967812146558,0.0746,0.287,baseline_attack_rates.json,0.661757197059365
artifactbench,attention pooling,clean,6622,0.894156129172256,0.0546563192904656,0.5531340579710144,learned_fusion_attack/metrics.csv,0.894156129172256
artifactbench,attention pooling,speed,6622,0.7824410985296825,0.0693458980044345,0.3029891304347826,learned_fusion_attack/metrics.csv,0.894156129172256
artifactbench,attention pooling,pitch,6622,0.7754328427891317,0.1717849223946785,0.4566576086956521,learned_fusion_attack/metrics.csv,0.894156129172256
artifactbench,attention pooling,stretch,6622,0.9014604539835346,0.0465077605321507,0.5291123188405797,learned_fusion_attack/metrics.csv,0.894156129172256
artifactbench,attention pooling,noise,6622,0.8602027111444278,0.085310421286031,0.5619384057971015,learned_fusion_attack/metrics.csv,0.894156129172256
artifactbench,attention pooling,eq,6622,0.8911980687287935,0.0548226164079822,0.5501449275362319,learned_fusion_attack/metrics.csv,0.894156129172256
artifactbench,attention pooling,reverb,6622,0.9096891521344592,0.0478381374722838,0.5734873188405797,learned_fusion_attack/metrics.csv,0.894156129172256
artifactbench,attention pooling,lowpass,6622,0.8460800849575212,0.0544345898004434,0.4579347826086956,learned_fusion_attack/metrics.csv,0.894156129172256
artifactbench,attention pooling,mp3_64,6622,0.8290452635524344,0.6667960088691796,0.9456793478260868,learned_fusion_attack/metrics.csv,0.894156129172256
artifactbench,attention pooling,aac_64,6622,0.8925406540150977,0.0495011086474501,0.5308514492753622,learned_fusion_attack/metrics.csv,0.894156129172256
artifactbench,attention pooling,opus_64,6622,0.8952981568426313,0.0542128603104212,0.5660507246376811,learned_fusion_attack/metrics.csv,0.894156129172256
echoes,attention pooling,clean,6622,0.8464812001893791,0.0465077605321507,0.3312590579710144,learned_fusion_attack/metrics.csv,0.8464812001893791
echoes,attention pooling,speed,6622,0.7951681231752545,0.1159090909090908,0.4558514492753623,learned_fusion_attack/metrics.csv,0.8464812001893791
echoes,attention pooling,pitch,6622,0.7960645499618612,0.0722838137472283,0.2996195652173913,learned_fusion_attack/metrics.csv,0.8464812001893791
echoes,attention pooling,stretch,6622,0.8341373721034221,0.0379711751662971,0.286875,learned_fusion_attack/metrics.csv,0.8464812001893791
echoes,attention pooling,noise,6622,0.8679931415871012,0.0062638580931263,0.1469655797101449,learned_fusion_attack/metrics.csv,0.8464812001893791
echoes,attention pooling,eq,6622,0.8464462669980799,0.0466186252771618,0.3296105072463767,learned_fusion_attack/metrics.csv,0.8464812001893791
echoes,attention pooling,reverb,6622,0.8543317157210867,0.038470066518847,0.3173369565217391,learned_fusion_attack/metrics.csv,0.8464812001893791
echoes,attention pooling,lowpass,6622,0.8346000519477104,0.1252217294900222,0.5578351449275363,learned_fusion_attack/metrics.csv,0.8464812001893791
echoes,attention pooling,mp3_64,6622,0.8220442410373761,0.3501108647450111,0.8249909420289854,learned_fusion_attack/metrics.csv,0.8464812001893791
echoes,attention pooling,aac_64,6622,0.8506150707540966,0.0430155210643015,0.3281884057971014,learned_fusion_attack/metrics.csv,0.8464812001893791
echoes,attention pooling,opus_64,6622,0.8525108333990898,0.0532150776053215,0.3727355072463768,learned_fusion_attack/metrics.csv,0.8464812001893791
sonics,attention pooling,clean,6622,0.8448866849470001,0.0415188470066518,0.3815851449275362,learned_fusion_attack/metrics.csv,0.8448866849470001
sonics,attention pooling,speed,6622,0.6404337305031695,0.2603658536585366,0.3555797101449275,learned_fusion_attack/metrics.csv,0.8448866849470001
sonics,attention pooling,pitch,6622,0.6100084826008049,0.3573725055432372,0.4776902173913043,learned_fusion_attack/metrics.csv,0.8448866849470001
sonics,attention pooling,stretch,6622,0.7957166975722664,0.0790465631929046,0.4228985507246376,learned_fusion_attack/metrics.csv,0.8448866849470001
sonics,attention pooling,noise,6622,0.8223004451721507,0.0159090909090909,0.1879528985507246,learned_fusion_attack/metrics.csv,0.8448866849470001
sonics,attention pooling,eq,6622,0.8417107235855756,0.0424057649667405,0.378786231884058,learned_fusion_attack/metrics.csv,0.8448866849470001
sonics,attention pooling,reverb,6622,0.8436793116599595,0.0429046563192904,0.3843025362318841,learned_fusion_attack/metrics.csv,0.8448866849470001
sonics,attention pooling,lowpass,6622,0.6440941535811042,0.430820399113082,0.6147644927536232,learned_fusion_attack/metrics.csv,0.8448866849470001
sonics,attention pooling,mp3_64,6622,0.6989372090270654,0.9562084257206208,0.9923641304347828,learned_fusion_attack/metrics.csv,0.8448866849470001
sonics,attention pooling,aac_64,6622,0.8413544872300692,0.0389135254988913,0.3571014492753623,learned_fusion_attack/metrics.csv,0.8448866849470001
sonics,attention pooling,opus_64,6622,0.8491249441068939,0.064190687361419,0.5031612318840579,learned_fusion_attack/metrics.csv,0.8448866849470001
artifactbench,fingerprint,clean,6622,0.8713557694836793,0.0458425720620842,0.5122463768115942,fixed_fusion_attack/metrics.csv,0.8713557694836793
artifactbench,fingerprint,speed,6622,0.5095376653778374,0.086529933481153,0.0961231884057971,fixed_fusion_attack/metrics.csv,0.8713557694836793
artifactbench,fingerprint,pitch,6622,0.5009554433309661,0.1323170731707317,0.1422192028985507,fixed_fusion_attack/metrics.csv,0.8713557694836793
artifactbench,fingerprint,stretch,6622,0.7826760961624452,0.1894124168514412,0.5852626811594203,fixed_fusion_attack/metrics.csv,0.8713557694836793
artifactbench,fingerprint,noise,6622,0.7036501486099056,0.0317627494456762,0.191802536231884,fixed_fusion_attack/metrics.csv,0.8713557694836793
artifactbench,fingerprint,eq,6622,0.8686161853283885,0.0509977827050997,0.5077173913043479,fixed_fusion_attack/metrics.csv,0.8713557694836793
artifactbench,fingerprint,reverb,6622,0.8104525862068965,0.0748337028824834,0.4570652173913043,fixed_fusion_attack/metrics.csv,0.8713557694836793
artifactbench,fingerprint,lowpass,6622,0.819747034377548,0.1033813747228381,0.4950815217391305,fixed_fusion_attack/metrics.csv,0.8713557694836793
artifactbench,fingerprint,mp3_64,6622,0.8352631250164391,0.3142461197339246,0.8075000000000001,fixed_fusion_attack/metrics.csv,0.8713557694836793
artifactbench,fingerprint,aac_64,6622,0.8697573910413214,0.0477827050997782,0.4982608695652175,fixed_fusion_attack/metrics.csv,0.8713557694836793
artifactbench,fingerprint,opus_64,6622,0.8663740498171967,0.0490022172949002,0.5056612318840581,fixed_fusion_attack/metrics.csv,0.8713557694836793
echoes,fingerprint,clean,6622,0.8343934940424523,0.0509423503325942,0.3890398550724637,fixed_fusion_attack/metrics.csv,0.8343934940424523
echoes,fingerprint,speed,6622,0.5435415515926247,0.0781042128603104,0.099356884057971,fixed_fusion_attack/metrics.csv,0.8343934940424523
echoes,fingerprint,pitch,6622,0.5315883176832636,0.1056541019955654,0.1382518115942028,fixed_fusion_attack/metrics.csv,0.8343934940424523
echoes,fingerprint,stretch,6622,0.7480154659512349,0.0465631929046563,0.241893115942029,fixed_fusion_attack/metrics.csv,0.8343934940424523
echoes,fingerprint,noise,6622,0.67622192193377,0.035310421286031,0.1224003623188405,fixed_fusion_attack/metrics.csv,0.8343934940424523
echoes,fingerprint,eq,6622,0.8307167140114153,0.0536031042128603,0.389891304347826,fixed_fusion_attack/metrics.csv,0.8343934940424523
echoes,fingerprint,reverb,6622,0.7744773172624214,0.0709534368070953,0.3502807971014493,fixed_fusion_attack/metrics.csv,0.8343934940424523
echoes,fingerprint,lowpass,6622,0.7709497225071674,0.0894124168514412,0.3535144927536232,fixed_fusion_attack/metrics.csv,0.8343934940424523
echoes,fingerprint,mp3_64,6622,0.794996251874063,0.2075942350332594,0.6175905797101449,fixed_fusion_attack/metrics.csv,0.8343934940424523
echoes,fingerprint,aac_64,6622,0.8372059036271338,0.0483370288248337,0.3822735507246377,fixed_fusion_attack/metrics.csv,0.8343934940424523
echoes,fingerprint,opus_64,6622,0.8324858952102895,0.0541019955654102,0.3948550724637681,fixed_fusion_attack/metrics.csv,0.8343934940424523
sonics,fingerprint,clean,6622,0.611771252531629,0.0476718403547671,0.0899184782608695,fixed_fusion_attack/metrics.csv,0.611771252531629
sonics,fingerprint,speed,6622,0.538148360030511,0.228991130820399,0.2671286231884059,fixed_fusion_attack/metrics.csv,0.611771252531629
sonics,fingerprint,pitch,6622,0.5406767011231226,0.2821507760532151,0.3277717391304348,fixed_fusion_attack/metrics.csv,0.611771252531629
sonics,fingerprint,stretch,6622,0.6014884005365738,0.063470066518847,0.1207880434782608,fixed_fusion_attack/metrics.csv,0.611771252531629
sonics,fingerprint,noise,6622,0.5759643204713433,0.0,0.0014492753623188,fixed_fusion_attack/metrics.csv,0.611771252531629
sonics,fingerprint,eq,6622,0.6109267734553776,0.0466186252771618,0.0901086956521739,fixed_fusion_attack/metrics.csv,0.611771252531629
sonics,fingerprint,reverb,6622,0.58503848404745,0.050110864745011,0.0972101449275362,fixed_fusion_attack/metrics.csv,0.611771252531629
sonics,fingerprint,lowpass,6622,0.6480340421894316,0.5587028824833703,0.7448822463768117,fixed_fusion_attack/metrics.csv,0.611771252531629
sonics,fingerprint,mp3_64,6622,0.6860102843315184,0.9121951219512195,0.976838768115942,fixed_fusion_attack/metrics.csv,0.611771252531629
sonics,fingerprint,aac_64,6622,0.6181739722244141,0.0475609756097561,0.090588768115942,fixed_fusion_attack/metrics.csv,0.611771252531629
sonics,fingerprint,opus_64,6622,0.6295179712775192,0.055210643015521,0.1167119565217391,fixed_fusion_attack/metrics.csv,0.611771252531629
artifactbench,fixed fusion,clean,6622,0.9549724315473844,0.0497782705099778,0.7851992753623189,fixed_fusion_attack/metrics.csv,0.9549523757857916
artifactbench,fixed fusion,speed,6622,0.7579941936926274,0.06990022172949,0.2875,fixed_fusion_attack/metrics.csv,0.9549523757857916
artifactbench,fixed fusion,pitch,6622,0.6701381217286094,0.1542128603104213,0.3258967391304347,fixed_fusion_attack/metrics.csv,0.9549523757857916
artifactbench,fixed fusion,stretch,6622,0.8938538954207107,0.1880266075388026,0.8061956521739131,fixed_fusion_attack/metrics.csv,0.9549523757857916
artifactbench,fixed fusion,noise,6622,0.8772830689918198,0.025110864745011,0.4269746376811595,fixed_fusion_attack/metrics.csv,0.9549523757857916
artifactbench,fixed fusion,eq,6622,0.950806340250927,0.053270509977827,0.7800090579710146,fixed_fusion_attack/metrics.csv,0.9549523757857916
artifactbench,fixed fusion,reverb,6622,0.9307912655514348,0.056541019955654,0.7149909420289855,fixed_fusion_attack/metrics.csv,0.9549523757857916
artifactbench,fixed fusion,lowpass,6622,0.9374917804255768,0.0725055432372505,0.7908967391304347,fixed_fusion_attack/metrics.csv,0.9549523757857916
artifactbench,fixed fusion,mp3_64,6622,0.9586384439359268,0.1376940133037694,0.9099275362318842,fixed_fusion_attack/metrics.csv,0.9549523757857916
artifactbench,fixed fusion,aac_64,6622,0.9520801276993082,0.0465631929046563,0.7847010869565219,fixed_fusion_attack/metrics.csv,0.9549523757857916
artifactbench,fixed fusion,opus_64,6622,0.9497614679502354,0.051330376940133,0.780751811594203,fixed_fusion_attack/metrics.csv,0.9549523757857916
echoes,fixed fusion,clean,6622,0.9513956837370788,0.0475055432372505,0.7658061594202898,fixed_fusion_attack/metrics.csv,0.9513956837370788
echoes,fixed fusion,speed,6622,0.7689141449012336,0.0534922394678492,0.2698007246376812,fixed_fusion_attack/metrics.csv,0.9513956837370788
echoes,fixed fusion,pitch,6622,0.7387589922144191,0.0665742793791574,0.2556702898550724,fixed_fusion_attack/metrics.csv,0.9513956837370788
echoes,fixed fusion,stretch,6622,0.8768335404666088,0.0578713968957871,0.5625452898550724,fixed_fusion_attack/metrics.csv,0.9513956837370788
echoes,fixed fusion,noise,6622,0.880472674846787,0.0229490022172949,0.414909420289855,fixed_fusion_attack/metrics.csv,0.9513956837370788
echoes,fixed fusion,eq,6622,0.9515114153449592,0.0461751662971175,0.7644021739130434,fixed_fusion_attack/metrics.csv,0.9513956837370788
echoes,fixed fusion,reverb,6622,0.9323413950919276,0.0409090909090909,0.6828804347826086,fixed_fusion_attack/metrics.csv,0.9513956837370788
echoes,fixed fusion,lowpass,6622,0.9315579874536416,0.0573170731707317,0.7113315217391303,fixed_fusion_attack/metrics.csv,0.9513956837370788
echoes,fixed fusion,mp3_64,6622,0.957895723191036,0.080820399113082,0.8664764492753625,fixed_fusion_attack/metrics.csv,0.9513956837370788
echoes,fixed fusion,aac_64,6622,0.9495554854151872,0.0440133037694013,0.7609601449275363,fixed_fusion_attack/metrics.csv,0.9513956837370788
echoes,fixed fusion,opus_64,6622,0.9524873254162392,0.0451773835920177,0.7671557971014493,fixed_fusion_attack/metrics.csv,0.9513956837370788
sonics,fixed fusion,clean,6622,0.8555229786422579,0.0483370288248337,0.4409420289855073,fixed_fusion_attack/metrics.csv,0.855191318814277
sonics,fixed fusion,speed,6622,0.6816289223809148,0.1599223946784922,0.4160960144927536,fixed_fusion_attack/metrics.csv,0.855191318814277
sonics,fixed fusion,pitch,6622,0.6369713169730924,0.3491685144124168,0.5499003623188405,fixed_fusion_attack/metrics.csv,0.855191318814277
sonics,fixed fusion,stretch,6622,0.7506573193666324,0.1534922394678492,0.49330615942029,fixed_fusion_attack/metrics.csv,0.855191318814277
sonics,fixed fusion,noise,6622,0.7962205574844156,0.0090354767184035,0.1079528985507246,fixed_fusion_attack/metrics.csv,0.855191318814277
sonics,fixed fusion,eq,6622,0.8468699038638575,0.0582594235033259,0.4373188405797101,fixed_fusion_attack/metrics.csv,0.855191318814277
sonics,fixed fusion,reverb,6622,0.7738691509508404,0.1128048780487805,0.4601539855072463,fixed_fusion_attack/metrics.csv,0.855191318814277
sonics,fixed fusion,lowpass,6622,0.8812543563744443,0.1983370288248336,0.8083514492753622,fixed_fusion_attack/metrics.csv,0.855191318814277
sonics,fixed fusion,mp3_64,6622,0.9073599713301244,0.2767738359201773,0.888423913043478,fixed_fusion_attack/metrics.csv,0.855191318814277
sonics,fixed fusion,aac_64,6622,0.8423261231226493,0.0627494456762749,0.4474999999999999,fixed_fusion_attack/metrics.csv,0.855191318814277
sonics,fixed fusion,opus_64,6622,0.8486734428838212,0.0632483370288248,0.4732518115942029,fixed_fusion_attack/metrics.csv,0.855191318814277
artifactbench,learned fusion,clean,6622,0.971803078723796,0.0524390243902439,0.8509329710144928,learned_fusion_attack/metrics.csv,0.9718030787237959
artifactbench,learned fusion,speed,6622,0.8198390936110891,0.0417960088691796,0.3336050724637681,learned_fusion_attack/metrics.csv,0.9718030787237959
artifactbench,learned fusion,pitch,6622,0.8111335779478681,0.0747228381374722,0.4081431159420289,learned_fusion_attack/metrics.csv,0.9718030787237959
artifactbench,learned fusion,stretch,6622,0.9458006194271286,0.0426274944567627,0.7300090579710146,learned_fusion_attack/metrics.csv,0.9718030787237959
artifactbench,learned fusion,noise,6622,0.9162775520134672,0.0450665188470066,0.6034873188405798,learned_fusion_attack/metrics.csv,0.9718030787237959
artifactbench,learned fusion,eq,6622,0.9704092032930902,0.053270509977827,0.8469202898550726,learned_fusion_attack/metrics.csv,0.9718030787237959
artifactbench,learned fusion,reverb,6622,0.9651333872537416,0.0392461197339246,0.7810778985507246,learned_fusion_attack/metrics.csv,0.9718030787237959
artifactbench,learned fusion,lowpass,6622,0.9592046082222048,0.0503325942350332,0.7961775362318841,learned_fusion_attack/metrics.csv,0.9718030787237959
artifactbench,learned fusion,mp3_64,6622,0.9718620952681551,0.3002217294900222,0.982219202898551,learned_fusion_attack/metrics.csv,0.9718030787237959
artifactbench,learned fusion,aac_64,6622,0.9699773468528894,0.0510532150776053,0.8402626811594203,learned_fusion_attack/metrics.csv,0.9718030787237959
artifactbench,learned fusion,opus_64,6622,0.9700871603671848,0.055820399113082,0.8425181159420291,learned_fusion_attack/metrics.csv,0.9718030787237959
echoes,learned fusion,clean,6622,0.9877502038454457,0.05,0.9328623188405798,learned_fusion_attack/metrics.csv,0.9877500394539573
echoes,learned fusion,speed,6622,0.812409749072832,0.051330376940133,0.3626449275362319,learned_fusion_attack/metrics.csv,0.9877500394539573
echoes,learned fusion,pitch,6622,0.8019375180830637,0.0319290465631929,0.2741394927536232,learned_fusion_attack/metrics.csv,0.9877500394539573
echoes,learned fusion,stretch,6622,0.964236302901181,0.0386917960088691,0.8240126811594202,learned_fusion_attack/metrics.csv,0.9877500394539573
echoes,learned fusion,noise,6622,0.9344091112338568,0.0201219512195121,0.668106884057971,learned_fusion_attack/metrics.csv,0.9877500394539573
echoes,learned fusion,eq,6622,0.9875228504168968,0.0497782705099778,0.9329438405797102,learned_fusion_attack/metrics.csv,0.9877500394539573
echoes,learned fusion,reverb,6622,0.982385945185302,0.022450110864745,0.866766304347826,learned_fusion_attack/metrics.csv,0.9877500394539573
echoes,learned fusion,lowpass,6622,0.9867867053315448,0.0698447893569844,0.9429076086956524,learned_fusion_attack/metrics.csv,0.9877500394539573
echoes,learned fusion,mp3_64,6622,0.9874304624003788,0.1032150776053215,0.9658695652173912,learned_fusion_attack/metrics.csv,0.9877500394539573
echoes,learned fusion,aac_64,6622,0.987321635235014,0.0463414634146341,0.9288043478260872,learned_fusion_attack/metrics.csv,0.9877500394539573
echoes,learned fusion,opus_64,6622,0.987690365343644,0.0495565410199556,0.931322463768116,learned_fusion_attack/metrics.csv,0.9877500394539573
sonics,learned fusion,clean,6622,0.951206797916831,0.0445121951219512,0.7613496376811595,learned_fusion_attack/metrics.csv,0.9512069623083195
sonics,learned fusion,speed,6622,0.6686783253110288,0.2470620842572062,0.3914039855072464,learned_fusion_attack/metrics.csv,0.9512069623083195
sonics,learned fusion,pitch,6622,0.6269702319892685,0.3572616407982261,0.5152083333333334,learned_fusion_attack/metrics.csv,0.9512069623083195
sonics,learned fusion,stretch,6622,0.8970733383308347,0.0855875831485587,0.6691938405797101,learned_fusion_attack/metrics.csv,0.9512069623083195
sonics,learned fusion,noise,6622,0.8868301046844999,0.0142461197339246,0.3783333333333333,learned_fusion_attack/metrics.csv,0.9512069623083195
sonics,learned fusion,eq,6622,0.9498650345879692,0.0435144124168514,0.7580253623188407,learned_fusion_attack/metrics.csv,0.9512069623083195
sonics,learned fusion,reverb,6622,0.9273044398853204,0.0682926829268292,0.7418206521739131,learned_fusion_attack/metrics.csv,0.9512069623083195
sonics,learned fusion,lowpass,6622,0.8177825560903759,0.3747228381374723,0.8310597826086956,learned_fusion_attack/metrics.csv,0.9512069623083195
sonics,learned fusion,mp3_64,6622,0.9101878337147216,0.9532705099778268,0.9986775362318842,learned_fusion_attack/metrics.csv,0.9512069623083195
sonics,learned fusion,aac_64,6622,0.9484675425445172,0.0410199556541019,0.741376811594203,learned_fusion_attack/metrics.csv,0.9512069623083195
sonics,learned fusion,opus_64,6622,0.9502109142797022,0.06480044345898,0.8146829710144928,learned_fusion_attack/metrics.csv,0.9512069623083195
artifactbench,"single-support, one template",clean,6622,0.8566521015807884,0.051940133037694,0.5587228260869566,fixed_fusion_attack/metrics.csv,0.8566517727978117
artifactbench,"single-support, one template",speed,6622,0.7307443317814777,0.032760532150776,0.2204528985507245,fixed_fusion_attack/metrics.csv,0.8566517727978117
artifactbench,"single-support, one template",pitch,6622,0.6891095570635735,0.0358647450110864,0.1667391304347825,fixed_fusion_attack/metrics.csv,0.8566517727978117
artifactbench,"single-support, one template",stretch,6622,0.7914195862595018,0.0430709534368071,0.4202536231884058,fixed_fusion_attack/metrics.csv,0.8566517727978117
artifactbench,"single-support, one template",noise,6622,0.7410095116915227,0.0265521064301552,0.2626630434782609,fixed_fusion_attack/metrics.csv,0.8566517727978117
artifactbench,"single-support, one template",eq,6622,0.8545947421026329,0.0530487804878048,0.5527989130434783,fixed_fusion_attack/metrics.csv,0.8566517727978117
artifactbench,"single-support, one template",reverb,6622,0.7589405954917279,0.0253325942350332,0.302998188405797,fixed_fusion_attack/metrics.csv,0.8566517727978117
artifactbench,"single-support, one template",lowpass,6622,0.8506092348562561,0.0508869179600886,0.5429800724637681,fixed_fusion_attack/metrics.csv,0.8566517727978117
artifactbench,"single-support, one template",mp3_64,6622,0.8526836910492122,0.0503325942350332,0.544891304347826,fixed_fusion_attack/metrics.csv,0.8566517727978117
artifactbench,"single-support, one template",aac_64,6622,0.8513616546989663,0.0487250554323725,0.547536231884058,fixed_fusion_attack/metrics.csv,0.8566517727978117
artifactbench,"single-support, one template",opus_64,6622,0.8518844196322891,0.0533813747228381,0.547391304347826,fixed_fusion_attack/metrics.csv,0.8566517727978117
echoes,"single-support, one template",clean,6622,0.9375333714721586,0.0491130820399113,0.7924637681159421,fixed_fusion_attack/metrics.csv,0.9375335358636471
echoes,"single-support, one template",speed,6622,0.7604866974407533,0.0259977827050997,0.2172101449275362,fixed_fusion_attack/metrics.csv,0.9375335358636471
echoes,"single-support, one template",pitch,6622,0.7179111102343565,0.0227272727272727,0.1670833333333333,fixed_fusion_attack/metrics.csv,0.9375335358636471
echoes,"single-support, one template",stretch,6622,0.9003457153002447,0.0256097560975609,0.6718840579710145,fixed_fusion_attack/metrics.csv,0.9375335358636471
echoes,"single-support, one template",noise,6622,0.8269447513085562,0.0211197339246119,0.4683333333333334,fixed_fusion_attack/metrics.csv,0.9375335358636471
echoes,"single-support, one template",eq,6622,0.9369290683605566,0.0473946784922394,0.7913949275362319,fixed_fusion_attack/metrics.csv,0.9375335358636471
echoes,"single-support, one template",reverb,6622,0.8859147728767195,0.0124722838137472,0.5592844202898551,fixed_fusion_attack/metrics.csv,0.9375335358636471
echoes,"single-support, one template",lowpass,6622,0.9373347865540914,0.0421286031042128,0.7651539855072463,fixed_fusion_attack/metrics.csv,0.9375335358636471
echoes,"single-support, one template",mp3_64,6622,0.9357163523501408,0.0495011086474501,0.7814130434782609,fixed_fusion_attack/metrics.csv,0.9375335358636471
echoes,"single-support, one template",aac_64,6622,0.935354362292538,0.0432926829268292,0.7841485507246376,fixed_fusion_attack/metrics.csv,0.9375335358636471
echoes,"single-support, one template",opus_64,6622,0.9371015150319576,0.0404656319290465,0.7855706521739131,fixed_fusion_attack/metrics.csv,0.9375335358636471
sonics,"single-support, one template",clean,6622,0.837822207317394,0.0537139689578713,0.483106884057971,fixed_fusion_attack/metrics.csv,0.8378219607301611
sonics,"single-support, one template",speed,6622,0.6576807813198664,0.0537139689578713,0.1411503623188405,fixed_fusion_attack/metrics.csv,0.8378219607301611
sonics,"single-support, one template",pitch,6622,0.626763098713801,0.0606430155210643,0.1242300724637681,fixed_fusion_attack/metrics.csv,0.8378219607301611
sonics,"single-support, one template",stretch,6622,0.7676390423209448,0.0559312638580931,0.3577264492753623,fixed_fusion_attack/metrics.csv,0.8378219607301611
sonics,"single-support, one template",noise,6622,0.691054390567874,0.023780487804878,0.1312590579710145,fixed_fusion_attack/metrics.csv,0.8378219607301611
sonics,"single-support, one template",eq,6622,0.836282681027907,0.0539911308203991,0.4805525362318841,fixed_fusion_attack/metrics.csv,0.8378219607301611
sonics,"single-support, one template",reverb,6622,0.7160612950103895,0.0784368070953436,0.324909420289855,fixed_fusion_attack/metrics.csv,0.8378219607301611
sonics,"single-support, one template",lowpass,6622,0.8158750394539571,0.0477272727272727,0.4207699275362319,fixed_fusion_attack/metrics.csv,0.8378219607301611
sonics,"single-support, one template",mp3_64,6622,0.8317941358268235,0.0529933481152993,0.4672554347826086,fixed_fusion_attack/metrics.csv,0.8378219607301611
sonics,"single-support, one template",aac_64,6622,0.8317272284910177,0.0566518847006652,0.4749547101449275,fixed_fusion_attack/metrics.csv,0.8378219607301611
sonics,"single-support, one template",opus_64,6622,0.8324255635340225,0.0527161862527716,0.4731249999999999,fixed_fusion_attack/metrics.csv,0.8378219607301611
artifactbench,three-support,clean,6622,0.9449138917383414,0.0512749445676274,0.7574003623188404,learned_fusion_attack/metrics.csv,0.9449138917383414
artifactbench,three-support,speed,6622,0.7245931310660458,0.0424057649667405,0.2097916666666666,learned_fusion_attack/metrics.csv,0.9449138917383414
artifactbench,three-support,pitch,6622,0.6979349141218864,0.0252217294900221,0.1545833333333333,learned_fusion_attack/metrics.csv,0.9449138917383414
artifactbench,three-support,stretch,6622,0.8899939832715222,0.0434035476718403,0.5902989130434783,learned_fusion_attack/metrics.csv,0.9449138917383414
artifactbench,three-support,noise,6622,0.8555436097740603,0.0162971175166297,0.3917028985507246,learned_fusion_attack/metrics.csv,0.9449138917383414
artifactbench,three-support,eq,6622,0.9439691338541256,0.050720620842572,0.7529800724637681,learned_fusion_attack/metrics.csv,0.9449138917383414
artifactbench,three-support,reverb,6622,0.9179949498934744,0.0222838137472283,0.6002989130434783,learned_fusion_attack/metrics.csv,0.9449138917383414
artifactbench,three-support,lowpass,6622,0.9388636273968278,0.0500554323725055,0.7207518115942028,learned_fusion_attack/metrics.csv,0.9449138917383414
artifactbench,three-support,mp3_64,6622,0.9431830137562796,0.0470066518847006,0.7435507246376811,learned_fusion_attack/metrics.csv,0.9449138917383414
artifactbench,three-support,aac_64,6622,0.9415708264288908,0.0514966740576496,0.7479891304347827,learned_fusion_attack/metrics.csv,0.9449138917383414
artifactbench,three-support,opus_64,6622,0.9432594557984166,0.0476164079822616,0.7459057971014493,learned_fusion_attack/metrics.csv,0.9449138917383414
echoes,three-support,clean,6622,0.981957869749336,0.0539356984478935,0.9172192028985506,learned_fusion_attack/metrics.csv,0.981957869749336
echoes,three-support,speed,6622,0.7383198203529815,0.0302660753880266,0.2333967391304348,learned_fusion_attack/metrics.csv,0.981957869749336
echoes,three-support,pitch,6622,0.708827165364686,0.0318181818181818,0.1847282608695652,learned_fusion_attack/metrics.csv,0.981957869749336
echoes,three-support,stretch,6622,0.948106867618822,0.0441796008869179,0.7965217391304349,learned_fusion_attack/metrics.csv,0.981957869749336
echoes,three-support,noise,6622,0.9042565888108576,0.0271064301552106,0.638804347826087,learned_fusion_attack/metrics.csv,0.981957869749336
echoes,three-support,eq,6622,0.9817538599121493,0.0541574279379157,0.9169655797101448,learned_fusion_attack/metrics.csv,0.981957869749336
echoes,three-support,reverb,6622,0.9725507312133406,0.0215631929046563,0.8388677536231883,learned_fusion_attack/metrics.csv,0.981957869749336
echoes,three-support,lowpass,6622,0.9815414661090506,0.0547117516629711,0.906947463768116,learned_fusion_attack/metrics.csv,0.981957869749336
echoes,three-support,mp3_64,6622,0.9807666890239092,0.0528270509977827,0.9118297101449276,learned_fusion_attack/metrics.csv,0.981957869749336
echoes,three-support,aac_64,6622,0.9811779965280518,0.0550997782705099,0.9114039855072464,learned_fusion_attack/metrics.csv,0.981957869749336
echoes,three-support,opus_64,6622,0.9817679975801572,0.0503880266075388,0.91393115942029,learned_fusion_attack/metrics.csv,0.981957869749336
sonics,three-support,clean,6622,0.9196904837055156,0.0551552106430155,0.6711141304347826,learned_fusion_attack/metrics.csv,0.9196904015097714
sonics,three-support,speed,6622,0.6674537731134433,0.04490022172949,0.1450271739130434,learned_fusion_attack/metrics.csv,0.9196904015097714
sonics,three-support,pitch,6622,0.6322480207264789,0.0635254988913525,0.136838768115942,learned_fusion_attack/metrics.csv,0.9196904015097714
sonics,three-support,stretch,6622,0.8458663760225151,0.0535476718403547,0.5172554347826088,learned_fusion_attack/metrics.csv,0.9196904015097714
sonics,three-support,noise,6622,0.8025446980457139,0.0203991130820399,0.2972735507246377,learned_fusion_attack/metrics.csv,0.9196904015097714
sonics,three-support,eq,6622,0.91845524606118,0.055210643015521,0.6691123188405796,learned_fusion_attack/metrics.csv,0.9196904015097714
sonics,three-support,reverb,6622,0.8664031471106551,0.100720620842572,0.6562228260869565,learned_fusion_attack/metrics.csv,0.9196904015097714
sonics,three-support,lowpass,6622,0.9121193515084562,0.0497228381374722,0.6354891304347826,learned_fusion_attack/metrics.csv,0.9196904015097714
sonics,three-support,mp3_64,6622,0.9160137036744784,0.0502771618625277,0.6584692028985507,learned_fusion_attack/metrics.csv,0.9196904015097714
sonics,three-support,aac_64,6622,0.9138560653883584,0.0579822616407982,0.6651358695652173,learned_fusion_attack/metrics.csv,0.9196904015097714
sonics,three-support,opus_64,6622,0.9167243680791184,0.0570399113082039,0.6644474637681158,learned_fusion_attack/metrics.csv,0.9196904015097714
artifactbench,trajectory readout,clean,6622,0.8594819366632473,0.0519,0.3938,attack_metrics_artifactbench.json,0.8594819366632473
artifactbench,trajectory readout,speed,6622,0.7597166877087772,0.1187,0.4085,attack_metrics_artifactbench.json,0.8594819366632473
artifactbench,trajectory readout,pitch,6622,0.7579213682632367,0.326,0.7113,attack_metrics_artifactbench.json,0.8594819366632473
artifactbench,trajectory readout,stretch,6622,0.7283989584155292,0.2507,0.5924,attack_metrics_artifactbench.json,0.8594819366632473
artifactbench,trajectory readout,noise,6622,0.7839036074068229,0.0501,0.2395,attack_metrics_artifactbench.json,0.8594819366632473
artifactbench,trajectory readout,eq,6622,0.8406859070464768,0.0656,0.3858,attack_metrics_artifactbench.json,0.8594819366632473
artifactbench,trajectory readout,reverb,6622,0.8276784305215814,0.0803,0.3764,attack_metrics_artifactbench.json,0.8594819366632473
artifactbench,trajectory readout,lowpass,6622,0.8115549133328073,0.0767,0.349,attack_metrics_artifactbench.json,0.8594819366632473
artifactbench,trajectory readout,mp3_64,6622,0.8452975814724216,0.1126,0.5561,attack_metrics_artifactbench.json,0.8594819366632473
artifactbench,trajectory readout,aac_64,6622,0.832697960230411,0.0746,0.3994,attack_metrics_artifactbench.json,0.8594819366632473
artifactbench,trajectory readout,opus_64,6622,0.8320234619532338,0.0721,0.3909,attack_metrics_artifactbench.json,0.8594819366632473
echoes,trajectory readout,clean,6622,0.7658233383308346,0.0458,0.1036,attack_metrics_echoes.json,0.7658233383308346
echoes,trajectory readout,speed,6622,0.725766804097951,0.0697,0.1768,attack_metrics_echoes.json,0.7658233383308346
echoes,trajectory readout,pitch,6622,0.6902934223677635,0.052,0.0856,attack_metrics_echoes.json,0.7658233383308346
echoes,trajectory readout,stretch,6622,0.6511188484705016,0.0527,0.0868,attack_metrics_echoes.json,0.7658233383308346
echoes,trajectory readout,noise,6622,0.7264933322812278,0.0258,0.0632,attack_metrics_echoes.json,0.7658233383308346
echoes,trajectory readout,eq,6622,0.7653712617375522,0.0456,0.1003,attack_metrics_echoes.json,0.7658233383308346
echoes,trajectory readout,reverb,6622,0.7526350311686262,0.0475,0.0918,attack_metrics_echoes.json,0.7658233383308346
echoes,trajectory readout,lowpass,6622,0.7609344998553353,0.0442,0.0826,attack_metrics_echoes.json,0.7658233383308346
echoes,trajectory readout,mp3_64,6622,0.7805552815697414,0.0493,0.1199,attack_metrics_echoes.json,0.7658233383308346
echoes,trajectory readout,aac_64,6622,0.7621786968357926,0.0458,0.103,attack_metrics_echoes.json,0.7658233383308346
echoes,trajectory readout,opus_64,6622,0.7667975222914858,0.0451,0.1042,attack_metrics_echoes.json,0.7658233383308346
sonics,trajectory readout,clean,6622,0.772254662142613,0.044,0.2252,attack_metrics_sonics.json,0.772254662142613
sonics,trajectory readout,speed,6622,0.6503462906704542,0.2092,0.4151,attack_metrics_sonics.json,0.772254662142613
sonics,trajectory readout,pitch,6622,0.6050780530787239,0.7737,0.8339,attack_metrics_sonics.json,0.772254662142613
sonics,trajectory readout,stretch,6622,0.585762628554144,0.6415,0.7293,attack_metrics_sonics.json,0.772254662142613
sonics,trajectory readout,noise,6622,0.6990600094689496,0.0272,0.1102,attack_metrics_sonics.json,0.772254662142613
sonics,trajectory readout,eq,6622,0.7575930784607696,0.0545,0.2225,attack_metrics_sonics.json,0.772254662142613
sonics,trajectory readout,reverb,6622,0.7406549192509009,0.0746,0.2819,attack_metrics_sonics.json,0.772254662142613
sonics,trajectory readout,lowpass,6622,0.7322261566585129,0.1048,0.3362,attack_metrics_sonics.json,0.772254662142613
sonics,trajectory readout,mp3_64,6622,0.7501246087482575,0.2284,0.5858,attack_metrics_sonics.json,0.772254662142613
sonics,trajectory readout,aac_64,6622,0.75013611615245,0.0635,0.2384,attack_metrics_sonics.json,0.772254662142613
sonics,trajectory readout,opus_64,6622,0.7522058049922408,0.0603,0.2375,attack_metrics_sonics.json,0.772254662142613
