system,target,decoder_class,n_generated,n_human,auroc
trajectory,artifactbench,continuous_vae,200,860,0.9880581395348838
trajectory,artifactbench,griffin_lim,130,860,0.90283542039356
trajectory,artifactbench,rvq_encodec,90,860,0.9908010335917313
trajectory,artifactbench,rvq_xcodec,100,860,0.9832093023255813
trajectory,artifactbench,unknown_proprietary,884,860,0.8968325791855205
trajectory,echoes,continuous_vae,155,59,0.9870967741935484
trajectory,echoes,mel_vae_hifigan,172,59,0.9997043752463539
trajectory,echoes,non_neural,32,59,0.5609110169491525
trajectory,echoes,rvq_xcodec,111,59,1.0
trajectory,echoes,unknown_proprietary,272,59,0.8261465603190429
trajectory,fakemusiccaps,continuous_vae,1104,1102,0.8700879823246273
trajectory,fakemusiccaps,mel_vae_hifigan,3312,1102,0.8787053841500302
trajectory,fakemusiccaps,rvq_encodec,1104,1102,0.924756371814093
trajectory_centred,artifactbench,continuous_vae,200,860,0.9822906976744186
trajectory_centred,artifactbench,griffin_lim,130,860,0.8563327370304115
trajectory_centred,artifactbench,rvq_encodec,90,860,0.9906976744186047
trajectory_centred,artifactbench,rvq_xcodec,100,860,0.943046511627907
trajectory_centred,artifactbench,unknown_proprietary,884,860,0.8562414500683995
trajectory_centred,echoes,continuous_vae,155,59,0.9588846364133407
trajectory_centred,echoes,mel_vae_hifigan,172,59,0.995368545526212
trajectory_centred,echoes,non_neural,32,59,0.4597457627118644
trajectory_centred,echoes,rvq_xcodec,111,59,0.9969460986410139
trajectory_centred,echoes,unknown_proprietary,272,59,0.7607178464606182
trajectory_centred,fakemusiccaps,continuous_vae,1104,1102,0.8700879823246273
trajectory_centred,fakemusiccaps,mel_vae_hifigan,3312,1102,0.8787053841500302
trajectory_centred,fakemusiccaps,rvq_encodec,1104,1102,0.924756371814093
fingerprint,artifactbench,continuous_vae,200,860,0.9772848837209303
fingerprint,artifactbench,griffin_lim,130,860,0.8256708407871198
fingerprint,artifactbench,rvq_encodec,90,860,0.992764857881137
fingerprint,artifactbench,rvq_xcodec,100,860,0.9719883720930231
fingerprint,artifactbench,unknown_proprietary,884,860,0.8715431968851941
fingerprint,echoes,continuous_vae,155,59,0.9400765445598688
fingerprint,echoes,mel_vae_hifigan,172,59,0.9864012613322821
fingerprint,echoes,non_neural,32,59,0.5195974576271187
fingerprint,echoes,rvq_xcodec,111,59,0.9897694304473966
fingerprint,echoes,unknown_proprietary,272,59,0.8509471585244267
fingerprint,fakemusiccaps,continuous_vae,1104,1102,0.9463237131434283
fingerprint,fakemusiccaps,mel_vae_hifigan,3312,1102,0.8892168499083791
fingerprint,fakemusiccaps,rvq_encodec,1104,1102,0.9648703608721955
three_support,artifactbench,continuous_vae,200,860,0.9949127906976745
three_support,artifactbench,griffin_lim,130,860,0.8961538461538462
three_support,artifactbench,rvq_encodec,90,860,0.9998966408268735
three_support,artifactbench,rvq_xcodec,100,860,0.9986162790697675
three_support,artifactbench,unknown_proprietary,884,860,0.976040460907082
three_support,echoes,continuous_vae,155,59,0.9183160196828868
three_support,echoes,mel_vae_hifigan,172,59,0.9968466692944422
three_support,echoes,non_neural,32,59,0.430614406779661
three_support,echoes,rvq_xcodec,111,59,0.9491525423728814
three_support,echoes,unknown_proprietary,272,59,0.9416126620139581
three_support,fakemusiccaps,continuous_vae,1104,1102,0.9774561732291748
three_support,fakemusiccaps,mel_vae_hifigan,3312,1102,0.9765944878437974
three_support,fakemusiccaps,rvq_encodec,1104,1102,0.9967384728688287
single_support,artifactbench,continuous_vae,200,860,0.9824825581395349
single_support,artifactbench,griffin_lim,130,860,0.8568336314847943
single_support,artifactbench,rvq_encodec,90,860,0.9997932816537468
single_support,artifactbench,rvq_xcodec,100,860,0.9989534883720931
single_support,artifactbench,unknown_proprietary,884,860,0.9361912027780701
single_support,echoes,continuous_vae,155,59,0.9221432476763258
single_support,echoes,mel_vae_hifigan,172,59,0.9931020890815925
single_support,echoes,non_neural,32,59,0.4194915254237288
single_support,echoes,rvq_xcodec,111,59,0.9825927622537792
single_support,echoes,unknown_proprietary,272,59,0.9061565304087738
single_support,fakemusiccaps,continuous_vae,1104,1102,0.9665381125226861
single_support,fakemusiccaps,mel_vae_hifigan,3312,1102,0.9669463513857106
single_support,fakemusiccaps,rvq_encodec,1104,1102,0.9912823193666325
mean_pooling,artifactbench,continuous_vae,200,860,0.9975494186046512
mean_pooling,artifactbench,griffin_lim,130,860,0.8997808586762074
mean_pooling,artifactbench,rvq_encodec,90,860,0.9993410852713178
mean_pooling,artifactbench,rvq_xcodec,100,860,0.9699767441860465
mean_pooling,artifactbench,unknown_proprietary,884,860,0.9288303693570451
mean_pooling,echoes,continuous_vae,155,59,0.9863313285948605
mean_pooling,echoes,mel_vae_hifigan,172,59,1.0
mean_pooling,echoes,non_neural,32,59,0.6885593220338982
mean_pooling,echoes,rvq_xcodec,111,59,1.0
mean_pooling,echoes,unknown_proprietary,272,59,0.8716350947158524
mean_pooling,fakemusiccaps,continuous_vae,1104,1102,0.958639923459323
mean_pooling,fakemusiccaps,mel_vae_hifigan,3312,1102,0.9499971779461148
mean_pooling,fakemusiccaps,rvq_encodec,1104,1102,0.9622774961203608
attention_pooling,artifactbench,continuous_vae,200,860,0.9975755813953489
attention_pooling,artifactbench,griffin_lim,130,860,0.924865831842576
attention_pooling,artifactbench,rvq_encodec,90,860,0.9995025839793281
attention_pooling,artifactbench,rvq_xcodec,100,860,0.9728197674418604
attention_pooling,artifactbench,unknown_proprietary,884,860,0.943673050615595
attention_pooling,echoes,continuous_vae,155,59,0.9915800984144342
attention_pooling,echoes,mel_vae_hifigan,172,59,0.9999014584154513
attention_pooling,echoes,non_neural,32,59,0.7012711864406779
attention_pooling,echoes,rvq_xcodec,111,59,0.9999999999999999
attention_pooling,echoes,unknown_proprietary,272,59,0.9224825523429712
attention_pooling,fakemusiccaps,continuous_vae,1104,1102,0.945564224466714
attention_pooling,fakemusiccaps,mel_vae_hifigan,3312,1102,0.9525516846839739
attention_pooling,fakemusiccaps,rvq_encodec,1104,1102,0.9555399109655699
fixed_fusion,artifactbench,continuous_vae,200,860,0.99925
fixed_fusion,artifactbench,griffin_lim,130,860,0.9427862254025045
fixed_fusion,artifactbench,rvq_encodec,90,860,0.9994056847545219
fixed_fusion,artifactbench,rvq_xcodec,100,860,0.999436046511628
fixed_fusion,artifactbench,unknown_proprietary,884,860,0.9691367199831631
fixed_fusion,echoes,continuous_vae,155,59,0.97058501913614
fixed_fusion,echoes,mel_vae_hifigan,172,59,0.9993102089081592
fixed_fusion,echoes,non_neural,32,59,0.5195974576271186
fixed_fusion,echoes,rvq_xcodec,111,59,0.9969460986410139
fixed_fusion,echoes,unknown_proprietary,272,59,0.94080259222333
fixed_fusion,fakemusiccaps,continuous_vae,1104,1102,0.9815618506536206
fixed_fusion,fakemusiccaps,mel_vae_hifigan,3312,1102,0.978582391918076
fixed_fusion,fakemusiccaps,rvq_encodec,1104,1102,0.9943391790946632
two_member,artifactbench,continuous_vae,200,860,0.9986889534883722
two_member,artifactbench,griffin_lim,130,860,0.935
two_member,artifactbench,rvq_encodec,90,860,0.9985400516795866
two_member,artifactbench,rvq_xcodec,100,860,0.9996976744186047
two_member,artifactbench,unknown_proprietary,884,860,0.9777432126696833
two_member,echoes,continuous_vae,155,59,0.9529250956806998
two_member,echoes,mel_vae_hifigan,172,59,0.9996551044540797
two_member,echoes,non_neural,32,59,0.4679555084745763
two_member,echoes,rvq_xcodec,111,59,0.9867155290884104
two_member,echoes,unknown_proprietary,272,59,0.9411764705882353
two_member,fakemusiccaps,continuous_vae,1104,1102,0.9704748776927326
two_member,fakemusiccaps,mel_vae_hifigan,3312,1102,0.9737406516040226
two_member,fakemusiccaps,rvq_encodec,1104,1102,0.9891230371656277
learned_fusion,artifactbench,continuous_vae,200,860,0.9998837209302326
learned_fusion,artifactbench,griffin_lim,130,860,0.9612611806797853
learned_fusion,artifactbench,rvq_encodec,90,860,1.0
learned_fusion,artifactbench,rvq_xcodec,100,860,0.9997325581395349
learned_fusion,artifactbench,unknown_proprietary,884,860,0.9869962117226139
learned_fusion,echoes,continuous_vae,155,59,0.9923455440131219
learned_fusion,echoes,mel_vae_hifigan,172,59,1.0
learned_fusion,echoes,non_neural,32,59,0.6890889830508474
learned_fusion,echoes,rvq_xcodec,111,59,1.0
learned_fusion,echoes,unknown_proprietary,272,59,0.9819292123629113
learned_fusion,fakemusiccaps,continuous_vae,1104,1102,0.9912938267708252
learned_fusion,fakemusiccaps,mel_vae_hifigan,3312,1102,0.9941262921170992
learned_fusion,fakemusiccaps,rvq_encodec,1104,1102,0.9990325560903759
clam,artifactbench,continuous_vae,200,860,0.9431860465116279
clam,artifactbench,griffin_lim,130,860,0.898443649373882
clam,artifactbench,rvq_encodec,90,860,0.9873514211886305
clam,artifactbench,rvq_xcodec,100,860,0.9061976744186047
clam,artifactbench,unknown_proprietary,884,860,0.9268691465852889
clam,echoes,continuous_vae,155,59,0.8925095680699836
clam,echoes,mel_vae_hifigan,172,59,0.9903429247142295
clam,echoes,non_neural,32,59,0.6859110169491525
clam,echoes,rvq_xcodec,111,59,0.98244006718583
clam,echoes,unknown_proprietary,272,59,0.8252118644067797
clam,fakemusiccaps,continuous_vae,1104,1102,0.8104903140534996
clam,fakemusiccaps,mel_vae_hifigan,3312,1102,0.7772385736956083
clam,fakemusiccaps,rvq_encodec,1104,1102,0.868213097398669
musicdet,artifactbench,continuous_vae,200,860,0.7044011627906976
musicdet,artifactbench,griffin_lim,130,860,0.88
musicdet,artifactbench,rvq_encodec,90,860,0.6572480620155038
musicdet,artifactbench,rvq_xcodec,100,860,0.4584651162790698
musicdet,artifactbench,unknown_proprietary,884,860,0.7385154687993265
musicdet,echoes,continuous_vae,155,59,0.626571897211591
musicdet,echoes,mel_vae_hifigan,172,59,0.6199251083957429
musicdet,echoes,non_neural,32,59,0.659427966101695
musicdet,echoes,rvq_xcodec,111,59,0.8720415330584821
musicdet,echoes,unknown_proprietary,272,59,0.6106056829511467
musicdet,fakemusiccaps,continuous_vae,1104,1102,0.6404429364265235
musicdet,fakemusiccaps,mel_vae_hifigan,3312,1102,0.4756000563314834
musicdet,fakemusiccaps,rvq_encodec,1104,1102,0.5809011612614745
sofia_vag,artifactbench,continuous_vae,200,860,0.9837267441860464
sofia_vag,artifactbench,griffin_lim,130,860,0.9150626118067978
sofia_vag,artifactbench,rvq_encodec,90,860,0.9993152454780362
sofia_vag,artifactbench,rvq_xcodec,100,860,0.8861744186046511
sofia_vag,artifactbench,unknown_proprietary,884,860,0.9093299484373355
sofia_vag,echoes,continuous_vae,155,59,0.9597594313832696
sofia_vag,echoes,mel_vae_hifigan,172,59,0.9988175009854159
sofia_vag,echoes,non_neural,32,59,0.7807203389830508
sofia_vag,echoes,rvq_xcodec,111,59,1.0
sofia_vag,echoes,unknown_proprietary,272,59,0.8896435692921236
sofia_vag,fakemusiccaps,continuous_vae,1104,1102,0.9213477143007442
sofia_vag,fakemusiccaps,mel_vae_hifigan,3312,1102,0.9424747604268041
sofia_vag,fakemusiccaps,rvq_encodec,1104,1102,0.9624620255661642
comoe_dac,artifactbench,continuous_vae,200,860,0.9130232558139536
comoe_dac,artifactbench,griffin_lim,130,860,0.7301520572450806
comoe_dac,artifactbench,rvq_encodec,90,860,0.9191860465116279
comoe_dac,artifactbench,rvq_xcodec,100,860,0.873203488372093
comoe_dac,artifactbench,unknown_proprietary,884,860,0.8682442386614754
comoe_dac,echoes,continuous_vae,155,59,0.6440677966101696
comoe_dac,echoes,mel_vae_hifigan,172,59,0.9183090264091448
comoe_dac,echoes,non_neural,32,59,0.732521186440678
comoe_dac,echoes,rvq_xcodec,111,59,0.8760116048251643
comoe_dac,echoes,unknown_proprietary,272,59,0.7200897308075773
comoe_dac,fakemusiccaps,continuous_vae,1104,1102,0.737055814198164
comoe_dac,fakemusiccaps,mel_vae_hifigan,3312,1102,0.7718231070868075
comoe_dac,fakemusiccaps,rvq_encodec,1104,1102,0.6612614745258949
handcrafted,artifactbench,continuous_vae,200,860,0.9288197674418603
handcrafted,artifactbench,griffin_lim,130,860,0.8132558139534883
handcrafted,artifactbench,rvq_encodec,90,860,0.8954780361757106
handcrafted,artifactbench,rvq_xcodec,100,860,0.908279069767442
handcrafted,artifactbench,unknown_proprietary,884,860,0.8472758602546565
handcrafted,echoes,continuous_vae,155,59,0.7979223619464187
handcrafted,echoes,mel_vae_hifigan,172,59,0.9213638155301537
handcrafted,echoes,non_neural,32,59,0.7547669491525423
handcrafted,echoes,rvq_xcodec,111,59,0.6655978011910215
handcrafted,echoes,unknown_proprietary,272,59,0.7896311066799602
handcrafted,fakemusiccaps,continuous_vae,1104,1102,0.826587528604119
handcrafted,fakemusiccaps,mel_vae_hifigan,3312,1102,0.6690095193631255
handcrafted,fakemusiccaps,rvq_encodec,1104,1102,0.711365534338094
