system,trainer,target,n_human,n_generated,auroc_original,auroc_twin,paper_auroc,pub_fpr_original,pub_fpr_twin,pub_tpr_original,pub_tpr_twin,rule_fpr_original,rule_fpr_twin,rule_tpr_original,rule_tpr_twin
three-support,artifactbench,echoes,59,742,0.8965690529489698,0.8920005482205676,0.8965690529489698,0.05084745762711865,0.05084745762711865,0.7277628032345014,0.7237196765498652,0.05,0.05,0.39723719676549873,0.3867250673854448
"single-support, one template",artifactbench,echoes,59,742,0.8035314541550551,0.8022294303074604,0.8035314541550551,,,,,0.0,0.1,0.5013477088948786,0.4797843665768194
fingerprint,artifactbench,echoes,59,742,0.8113435972406231,0.6641006898442139,0.8113435972406231,,,,,0.0,0.3,0.2358490566037735,0.40161725067385456
attention pooling,artifactbench,echoes,59,742,0.9657933208460872,0.9037301841107406,0.9657933208460872,0.1016949152542373,1.0,0.8733153638814016,0.9986522911051213,0.0,1.0,0.7884097035040434,0.9973045822102428
learned fusion,artifactbench,echoes,59,742,0.9649824112567957,0.9467312348668281,0.9649824112567957,0.1016949152542373,0.864406779661017,0.9285714285714286,0.9959568733153639,0.05,0.15,0.6946765498652292,0.9084231805929919
three-support,artifactbench,fakemusiccaps,1102,5520,0.9449138917383414,0.9443671256477024,0.9449138917383414,0.07713248638838476,0.073502722323049,0.7958333333333333,0.7882246376811595,0.05127494456762749,0.05465631929046564,0.7574003623188404,0.7504076086956522
"single-support, one template",artifactbench,fakemusiccaps,1102,5520,0.8566521015807884,0.8549079078881612,0.8566517727978117,,,,,0.051940133037694014,0.052993348115299335,0.5587228260869566,0.5535778985507247
fingerprint,artifactbench,fakemusiccaps,1102,5520,0.8713556050921908,0.8359984481443488,0.8713557694836793,,,,,0.045842572062084266,0.33314855875831484,0.5122463768115942,0.8141666666666666
attention pooling,artifactbench,fakemusiccaps,1102,5520,0.894156129172256,0.8297611062889607,0.894156129172256,0.23774954627949182,0.9836660617059891,0.8652173913043478,0.9992753623188406,0.054656319290465626,0.9495011086474502,0.5531340579710144,0.9953713768115943
learned fusion,artifactbench,fakemusiccaps,1102,5520,0.9718030787237959,0.970081571056577,0.9718030787237959,0.15063520871143377,0.8439201451905626,0.9514492753623188,0.9989130434782608,0.05243902439024391,0.6113636363636364,0.8509329710144928,0.9960597826086957
three-support,echoes,artifactbench,860,1404,0.8809990558537071,0.8817017822831777,0.8810440556214578,0.0069767441860465115,0.0069767441860465115,0.5363247863247863,0.5384615384615384,0.05515151515151516,0.05386363636363636,0.6760683760683761,0.6806623931623931
"single-support, one template",echoes,artifactbench,860,1404,0.83840190816935,0.8409883720930231,0.8380931198102016,,,,,0.053106060606060615,0.04916666666666666,0.594088319088319,0.5958333333333333
fingerprint,echoes,artifactbench,860,1404,0.8332637646591134,0.7754091300602928,0.8326759588770265,,,,,0.04795454545454545,0.26363636363636367,0.44861111111111107,0.6774572649572649
attention pooling,echoes,artifactbench,860,1404,0.9134905254091302,0.7785889982110912,0.9127615493607487,0.2534883720930233,0.9872093023255814,0.8867521367521367,0.9978632478632479,0.04977272727272727,0.893560606060606,0.6602920227920228,0.9806267806267807
learned fusion,echoes,artifactbench,860,1404,0.9304760484993043,0.8932526667991784,0.930384516231384,0.010465116279069767,0.07209302325581396,0.6438746438746439,0.7243589743589743,0.05106060606060606,0.22863636363636367,0.7403133903133903,0.8240740740740741
three-support,echoes,fakemusiccaps,1102,5520,0.9819578697493359,0.9818112325416238,0.981957869749336,0.007259528130671506,0.006352087114337568,0.807427536231884,0.8039855072463769,0.05393569844789357,0.056042128603104216,0.9172192028985506,0.9154800724637682
"single-support, one template",echoes,fakemusiccaps,1102,5520,0.9375333714721586,0.9371569149635708,0.9375335358636471,,,,,0.049113082039911306,0.04495565410199556,0.7924637681159421,0.7900090579710145
fingerprint,echoes,fakemusiccaps,1102,5520,0.8343928364764985,0.796664496699019,0.8343934940424523,,,,,0.05094235033259422,0.208980044345898,0.3890489130434783,0.6211322463768115
attention pooling,echoes,fakemusiccaps,1102,5520,0.8464812001893791,0.7799518826113259,0.8464812001893791,0.37749546279491836,0.97005444646098,0.8942028985507247,0.9983695652173913,0.04650776053215076,0.7099778270509977,0.33125905797101446,0.9381340579710145
learned fusion,echoes,fakemusiccaps,1102,5520,0.9877502038454457,0.9871357084615587,0.9877500394539573,0.013611615245009074,0.047186932849364795,0.8648550724637681,0.9318840579710145,0.05,0.16263858093126388,0.9328623188405798,0.9793840579710148
three-support,sonics,echoes,59,742,0.7725113070492028,0.7638539905888803,0.7725113070492029,0.1016949152542373,0.15254237288135594,0.5,0.5040431266846361,0.1,0.1,0.29447439353099736,0.2907008086253368
"single-support, one template",sonics,echoes,59,742,0.7431815066928593,0.723491251313445,0.7431815066928593,,,,,0.1,0.1,0.18045822102425874,0.17291105121293798
fingerprint,sonics,echoes,59,742,0.7311891817808032,0.5900452281968112,0.7311891817808032,,,,,0.0,1.0,0.36253369272237196,1.0
attention pooling,sonics,echoes,59,742,0.8232559733199324,0.7061880396546211,0.8232559733199324,0.0847457627118644,1.0,0.6091644204851752,1.0,0.0,1.0,0.46495956873315364,1.0
learned fusion,sonics,echoes,59,742,0.8873635159212389,0.8252546941386085,0.8873635159212389,0.11864406779661017,1.0,0.7331536388140162,1.0,0.0,1.0,0.5,1.0
three-support,sonics,fakemusiccaps,1102,5520,0.9196904837055156,0.9176369052315947,0.9196904015097714,0.06715063520871144,0.07078039927404718,0.7161231884057971,0.7152173913043478,0.055155210643015505,0.05388026607538804,0.6711141304347826,0.6705253623188405
"single-support, one template",sonics,fakemusiccaps,1102,5520,0.837822207317394,0.8328288980509745,0.8378219607301611,,,,,0.053713968957871394,0.05033259423503326,0.483106884057971,0.47561594202898566
fingerprint,sonics,fakemusiccaps,1102,5520,0.6117717457060944,0.6702660183066361,0.611771252531629,,,,,0.04767184035476718,0.9246674057649669,0.08991847826086956,0.9749728260869566
attention pooling,sonics,fakemusiccaps,1102,5520,0.8448866849470001,0.7354832452194955,0.8448866849470001,0.1424682395644283,0.9981851179673321,0.6742753623188406,1.0,0.04151884700665188,0.9978381374722838,0.38158514492753626,1.0
learned fusion,sonics,fakemusiccaps,1102,5520,0.951206797916831,0.9317704634524842,0.9512069623083195,0.15335753176043557,0.9981851179673321,0.9117753623188406,1.0,0.04451219512195122,0.9969512195121949,0.7613496376811595,1.0
three-support,fakemusiccaps,artifactbench,860,1404,0.8157515073212748,0.8138234612071822,0.8159969355476472,0.04883720930232558,0.05,0.6339031339031339,0.6353276353276354,0.05954545454545453,0.06227272727272728,0.6388176638176638,0.6368945868945869
"single-support, one template",fakemusiccaps,artifactbench,860,1404,0.8001068376068374,0.796463592393825,0.8000972057466718,,,,,0.056590909090909094,0.05825757575757575,0.575071225071225,0.58005698005698
fingerprint,fakemusiccaps,artifactbench,860,1404,0.8322732392499834,0.8375472073146493,0.8318233491498616,,,,,0.05022727272727273,0.04765151515151515,0.6140313390313391,0.5871794871794872
attention pooling,fakemusiccaps,artifactbench,860,1404,0.8014323693102763,0.7445732293116015,0.8012517299327797,0.018604651162790697,0.16744186046511628,0.3319088319088319,0.5156695156695157,0.0506060606060606,0.27795454545454545,0.4431623931623932,0.6513888888888888
learned fusion,fakemusiccaps,artifactbench,860,1404,0.870866461273438,0.836965811965812,0.8708149073578307,0.02441860465116279,0.16511627906976745,0.5833333333333334,0.6951566951566952,0.05280303030303031,0.28674242424242424,0.6423789173789174,0.7695512820512821
three-support,fakemusiccaps,echoes,59,742,0.87386358444881,0.8742975923980082,0.87386358444881,0.06779661016949153,0.05084745762711865,0.7857142857142857,0.7668463611859838,0.0,0.0,0.5390835579514823,0.5377358490566039
"single-support, one template",fakemusiccaps,echoes,59,742,0.8183105669514368,0.8239526702910138,0.8183105669514369,,,,,0.05,0.05,0.5701482479784366,0.5650269541778975
fingerprint,fakemusiccaps,echoes,59,742,0.9062314404495408,0.8944675407739047,0.9062314404495408,,,,,0.0,0.0,0.7250673854447439,0.6994609164420484
attention pooling,fakemusiccaps,echoes,59,742,0.8067636712503996,0.7870163095618804,0.8067636712503997,0.05084745762711865,0.3389830508474576,0.5929919137466307,0.7102425876010782,0.0,0.3,0.5754716981132078,0.692722371967655
learned fusion,fakemusiccaps,echoes,59,742,0.8686783315820732,0.8570286445246471,0.8686783315820732,0.0847457627118644,0.3728813559322034,0.7115902964959568,0.8342318059299192,0.0,0.1,0.6725067385444743,0.7695417789757413
