system,target,family,n_human,n_generated,delta,ci_low,ci_high,sd
trajectory,artifactbench,MusicGen,860,90,-0.0026614987080103,-0.005322997416020714,-0.0007619509043927015,0.0011805097996918
trajectory_centred,artifactbench,MusicGen,860,90,-0.0046511627906977,-0.007403423772609813,-0.0024415374677001682,0.0012693353342343
mean_pooling,artifactbench,MusicGen,860,90,-0.0052131782945735,-0.009166828165374665,-0.002234819121446981,0.0017823799793048
attention_pooling,artifactbench,MusicGen,860,90,-0.0068604651162791,-0.011020994832041317,-0.0034491279069766814,0.0019488334899516
fingerprint,artifactbench,MusicGen,860,90,-0.0562532299741602,-0.08267829457364344,-0.03340600775193795,0.0128730799479254
three_support,artifactbench,MusicGen,860,90,-0.0080361757105943,-0.01892861757105941,-0.001498708010335914,0.0048100365304577
single_support,artifactbench,MusicGen,860,90,-0.0025452196382429,-0.004832041343669213,-0.0008520671834624607,0.0010202197650766
handcrafted,artifactbench,MusicGen,860,90,-0.017454780361757,-0.02595768733850127,-0.01010303617571053,0.0040745426784071
fixed_fusion,artifactbench,MusicGen,860,90,-0.0044702842377258,-0.009574450904392812,-0.0011560077519379337,0.0022868679992548
trajectory,artifactbench,Suno,860,479,-0.0308394426372771,-0.03618779433898141,-0.025484233140748703,0.002759351625747
trajectory_centred,artifactbench,Suno,860,479,-0.0282832451327863,-0.0332332985386221,-0.023289556731562824,0.002544837190819
mean_pooling,artifactbench,Suno,860,479,-0.0745776083895711,-0.088457785114337,-0.06163898261882799,0.0067964532514991
attention_pooling,artifactbench,Suno,860,479,-0.0800395688692526,-0.09543513618488121,-0.06530417051026846,0.0075295160698725
fingerprint,artifactbench,Suno,860,479,-0.0170947225324076,-0.022306161091421084,-0.012324489003252876,0.0025601077145968
three_support,artifactbench,Suno,860,479,-0.0325241540030102,-0.04064633199009556,-0.025359882507161282,0.0039028199688617
single_support,artifactbench,Suno,860,479,-0.0347744817206389,-0.04424030198572605,-0.026017927368063295,0.0046941879480611
handcrafted,artifactbench,Suno,860,479,0.0005267757440403,-0.00142745302713993,0.002452298878477377,0.0009844207282268
fixed_fusion,artifactbench,Suno,860,479,-0.0132762052726124,-0.017365150264601642,-0.009502567121425411,0.0020298871298768
trajectory,artifactbench,Udio,860,405,-0.070970427792133,-0.08282464829170251,-0.059580677576801654,0.0058643966032261
trajectory_centred,artifactbench,Udio,860,405,-0.0660063163939133,-0.07675078954923908,-0.05502698822853868,0.0055054907388577
mean_pooling,artifactbench,Udio,860,405,-0.1018389319552109,-0.12118001722652888,-0.08450276342233708,0.0091717716412993
attention_pooling,artifactbench,Udio,860,405,-0.1402627045650302,-0.16267574648291702,-0.11997613407981632,0.0105496312803063
fingerprint,artifactbench,Udio,860,405,-0.1210335917312659,-0.1409893769738731,-0.10037769164513351,0.0104328477790644
three_support,artifactbench,Udio,860,405,-0.4512948607522251,-0.4825645994832042,-0.4218489089865059,0.0152882446222299
single_support,artifactbench,Udio,860,405,-0.4017657192075796,-0.4340719925351708,-0.3683039046798737,0.0167589467329488
handcrafted,artifactbench,Udio,860,405,-0.0086017800746482,-0.011656761412575304,-0.005601277634223333,0.0015514768717363
fixed_fusion,artifactbench,Udio,860,405,-0.2283778351995407,-0.2514114269308067,-0.2050923413723801,0.0117997920595071
trajectory,echoes,Suno,59,68,-0.0600697906281155,-0.08723828514456633,-0.03539381854436696,0.0131019111708826
trajectory_centred,echoes,Suno,59,68,-0.0441176470588235,-0.07179087736789637,-0.017441425722831545,0.0139975550377101
mean_pooling,echoes,Suno,59,68,-0.1240029910269192,-0.17497507477567298,-0.07751121635094722,0.0255250174132375
attention_pooling,echoes,Suno,59,68,-0.1302342971086739,-0.18644067796610164,-0.07751744765702884,0.0276930226451924
fingerprint,echoes,Suno,59,68,-0.0226819541375872,-0.04536390827517445,-0.0017385343968095636,0.0112023107060894
three_support,echoes,Suno,59,68,-0.129112662013958,-0.18295737786640073,-0.08200398803589237,0.0259385990458038
single_support,echoes,Suno,59,68,-0.0902293120638088,-0.1355994516450648,-0.04909646061814562,0.0226560293434079
handcrafted,echoes,Suno,59,68,-0.0019940179461614,-0.013210368893320057,0.0102193419740777,0.0058326914923966
fixed_fusion,echoes,Suno,59,68,-0.0400049850448653,-0.07055707876370886,-0.011957876370887376,0.0151450180674919
trajectory,echoes,Udio,59,68,-0.0563310069790627,-0.09222956131605194,-0.021934197407776686,0.0177027817831298
trajectory_centred,echoes,Udio,59,68,-0.0650548354935194,-0.09770687936191425,-0.03538135593220341,0.016161695040954
mean_pooling,echoes,Udio,59,68,-0.1314805583250248,-0.1965447407776671,-0.06929212362911275,0.0325430920578285
attention_pooling,echoes,Udio,59,68,-0.1091724825523429,-0.17074090229312064,-0.04834558823529422,0.0318780508231133
fingerprint,echoes,Udio,59,68,-0.0952143569292124,-0.17074401794616156,-0.027411515453639033,0.0370345966010733
three_support,echoes,Udio,59,68,-0.4496510468594218,-0.5456193918245265,-0.35492896311066807,0.0499298708974168
single_support,echoes,Udio,59,68,-0.3985543369890328,-0.4890453639082752,-0.30782028913260223,0.0459938688197849
handcrafted,echoes,Udio,59,68,-0.0157028913260219,-0.03140578265204386,-0.0004922731804586002,0.0077930181316483
fixed_fusion,echoes,Udio,59,68,-0.2256979062811565,-0.2996074277168495,-0.15389456630109688,0.0372416926808254
trajectory,fakemusiccaps,MusicGen,1102,1104,-0.0080165509350587,-0.009344012204424157,-0.006715289559167701,0.0006809086628869
trajectory_centred,fakemusiccaps,MusicGen,1102,1104,-0.0080165509350587,-0.009344012204424157,-0.006715289559167701,0.0006809086628869
mean_pooling,fakemusiccaps,MusicGen,1102,1104,-0.0350157980220416,-0.04100500120005787,-0.02955275035179783,0.0029421431431232
attention_pooling,fakemusiccaps,MusicGen,1102,1104,-0.0119011218075174,-0.017206004316920397,-0.006829438898971533,0.002679153404531
fingerprint,fakemusiccaps,MusicGen,1102,1104,-0.0405783950130197,-0.04609964754464872,-0.035231911182566675,0.0028711131819406
three_support,fakemusiccaps,MusicGen,1102,1104,-0.0093193534811542,-0.011742668961571829,-0.007043723204187327,0.0011930651124074
single_support,fakemusiccaps,MusicGen,1102,1104,-0.0083535534864147,-0.010602716733738329,-0.0062448422170494145,0.0011284071669655
handcrafted,fakemusiccaps,MusicGen,1102,1104,-0.0133395473315973,-0.01607861776348676,-0.010807712919855885,0.0013134120698937
fixed_fusion,fakemusiccaps,MusicGen,1102,1104,-0.0060816631158104,-0.008081516396407012,-0.004292518625555728,0.000970182020543
