system,name,trainer,target,home_fpr_original,home_tpr_original,home_fpr_after,home_tpr_after,target_fpr_carried,target_fpr_recalibrated,target_tpr_recalibrated,n_home_human,n_home_generated
triple,fixed fusion,artifactbench,fakemusiccaps,0.048723897911832945,0.9394586894586895,0.015081206496519721,0.8311965811965812,0.11529933481152993,0.03991130820399113,0.768840579710145,862,1404
triple,fixed fusion,echoes,artifactbench,0.03389830508474576,0.8571428571428571,0.01694915254237288,0.8126684636118598,0.061933534743202415,0.03172205438066465,0.7065527065527065,59,742
triple,fixed fusion,echoes,fakemusiccaps,0.03389830508474576,0.8571428571428571,0.01694915254237288,0.7749326145552561,0.08980044345898004,0.04212860310421286,0.7594202898550725,59,742
triple,fixed fusion,fakemusiccaps,artifactbench,0.04900181488203267,0.9985507246376811,0.043557168784029036,0.9985507246376811,0.04833836858006042,0.04380664652567976,0.6602564102564102,1102,5520
triple,fixed fusion,sonics,artifactbench,0.04984016274338855,0.9969478791673189,0.046207497820401046,0.9964783221161371,0.09148936170212765,0.08085106382978724,0.6160572337042926,6882,12778
triple,fixed fusion,sonics,fakemusiccaps,0.04984016274338855,0.9969478791673189,0.012641673931996512,0.9907653779934262,0.12527716186252771,0.05543237250554324,0.46793478260869564,6882,12778
multires,three-support,artifactbench,fakemusiccaps,0.04861111111111111,0.9302491103202847,0.04398148148148148,0.9245551601423487,0.082039911308204,0.07095343680709534,0.7846014492753624,864,1405
multires,three-support,echoes,artifactbench,0.03389830508474576,0.7264150943396226,0.06779661016949153,0.8261455525606469,0.009036144578313253,0.0572289156626506,0.6761565836298933,59,742
multires,three-support,echoes,fakemusiccaps,0.03389830508474576,0.7264150943396226,0.0847457627118644,0.839622641509434,0.008869179600886918,0.07206208425720621,0.9291666666666667,59,742
multires,three-support,fakemusiccaps,artifactbench,0.04900181488203267,0.9990942028985508,0.05172413793103448,0.9990942028985508,0.04969879518072289,0.05271084337349398,0.6355871886120996,1102,5520
multires,three-support,sonics,artifactbench,0.04984016274338855,0.9795742682735953,0.06277244986922406,0.9823916105806856,0.0635593220338983,0.06991525423728813,0.744241461477363,6882,12778
multires,three-support,sonics,fakemusiccaps,0.04984016274338855,0.9795742682735953,0.05100261551874455,0.9798873063077164,0.07649667405764966,0.082039911308204,0.7239130434782609,6882,12778
reader_w1r1,single-support,artifactbench,fakemusiccaps,0.04861111111111111,0.7864768683274022,0.04861111111111111,0.7836298932384341,0.0565410199556541,0.05432372505543237,0.5606884057971014,864,1405
reader_w1r1,single-support,echoes,artifactbench,0.03389830508474576,0.6657681940700808,0.1016949152542373,0.7533692722371967,0.007530120481927711,0.03765060240963856,0.5644128113879003,59,742
reader_w1r1,single-support,echoes,fakemusiccaps,0.03389830508474576,0.6657681940700808,0.1016949152542373,0.7547169811320755,0.015521064301552107,0.045454545454545456,0.7907608695652174,59,742
reader_w1r1,single-support,fakemusiccaps,artifactbench,0.04900181488203267,0.9983695652173913,0.02722323049001815,0.9980072463768116,0.061746987951807226,0.022590361445783132,0.5395017793594306,1102,5520
reader_w1r1,single-support,sonics,artifactbench,0.04984016274338855,0.9808264204100798,0.06335367625690207,0.9848176553451244,0.0614406779661017,0.07203389830508475,0.704527402700556,6882,12778
reader_w1r1,single-support,sonics,fakemusiccaps,0.04984016274338855,0.9808264204100798,0.06378959604766056,0.9848176553451244,0.07206208425720621,0.08869179600886919,0.5585144927536232,6882,12778
fingerprint2025,fingerprint,artifactbench,fakemusiccaps,0.04861111111111111,0.5850533807829181,0.02199074074074074,0.48825622775800714,0.06097560975609756,0.03436807095343681,0.46268115942028987,864,1405
fingerprint2025,fingerprint,echoes,artifactbench,0.03389830508474576,0.6212938005390836,0.01694915254237288,0.5943396226415094,0.07981927710843373,0.061746987951807226,0.4790035587188612,59,742
fingerprint2025,fingerprint,echoes,fakemusiccaps,0.03389830508474576,0.6212938005390836,0.0,0.4366576819407008,0.10199556541019955,0.03991130820399113,0.3693840579710145,59,742
fingerprint2025,fingerprint,fakemusiccaps,artifactbench,0.04900181488203267,0.9936594202898551,0.08348457350272233,0.9965579710144927,0.0286144578313253,0.05421686746987952,0.6199288256227758,1102,5520
fingerprint2025,fingerprint,sonics,artifactbench,0.04984016274338855,1.0,0.03937808776518454,1.0,0.0614406779661017,0.046610169491525424,0.3129467831612391,6882,12778
fingerprint2025,fingerprint,sonics,fakemusiccaps,0.04984016274338855,1.0,0.00043591979075850045,0.9930349037408045,0.1419068736141907,0.04656319290465632,0.08931159420289855,6882,12778
geometry,trajectory readout,artifactbench,fakemusiccaps,0.048723897911832945,0.8660968660968661,0.004640371229698376,0.3504273504273504,0.2638580931263858,0.07427937915742794,0.4954710144927536,862,1404
geometry,trajectory readout,echoes,artifactbench,0.03389830508474576,0.5943396226415094,0.01694915254237288,0.5148247978436657,0.03927492447129909,0.027190332326283987,0.5548433048433048,59,742
geometry,trajectory readout,echoes,fakemusiccaps,0.03389830508474576,0.5943396226415094,0.0,0.03369272237196765,0.2804878048780488,0.06208425720620843,0.17083333333333334,59,742
geometry,trajectory readout,fakemusiccaps,artifactbench,0.04900181488203267,0.941304347826087,0.1088929219600726,0.980072463768116,0.006042296072507553,0.04380664652567976,0.4722222222222222,1102,5520
geometry,trajectory readout,sonics,artifactbench,0.04984016274338855,0.9460791986226327,0.05536181342632956,0.9504617311003287,0.031914893617021274,0.04468085106382979,0.5397456279809221,6882,12778
geometry,trajectory readout,sonics,fakemusiccaps,0.04984016274338855,0.9460791986226327,0.010897994768962511,0.8470809203318204,0.14855875831485588,0.06208425720620843,0.29257246376811596,6882,12778
tl_mean_concat,mean pooling,artifactbench,fakemusiccaps,0.04861111111111111,0.9309608540925267,0.003472222222222222,0.6548042704626335,0.2638580931263858,0.03436807095343681,0.4568840579710145,864,1405
tl_mean_concat,mean pooling,echoes,artifactbench,0.03389830508474576,0.8557951482479784,0.0,0.6590296495956873,0.17018072289156627,0.030120481927710843,0.6256227758007118,59,742
tl_mean_concat,mean pooling,echoes,fakemusiccaps,0.03389830508474576,0.8557951482479784,0.0,0.5148247978436657,0.328159645232816,0.04878048780487805,0.302536231884058,59,742
tl_mean_concat,mean pooling,fakemusiccaps,artifactbench,0.04900181488203267,0.9998188405797102,0.04083484573502722,0.9996376811594203,0.025602409638554216,0.022590361445783132,0.2868327402135231,1102,5520
tl_mean_concat,mean pooling,sonics,artifactbench,0.0488,1.0,0.0284,1.0,0.07838983050847458,0.04449152542372881,0.5528196981731534,2500,2500
tl_mean_concat,mean pooling,sonics,fakemusiccaps,0.0488,1.0,0.0008,1.0,0.20288248337028825,0.03436807095343681,0.36829710144927535,2500,2500
tl_attn_concat,attention pooling,artifactbench,fakemusiccaps,0.04861111111111111,0.9366548042704627,0.004629629629629629,0.7743772241992882,0.25055432372505543,0.04988913525498891,0.5320652173913043,864,1405
tl_attn_concat,attention pooling,echoes,artifactbench,0.03389830508474576,0.9002695417789758,0.0,0.6293800539083558,0.23795180722891565,0.02108433734939759,0.5886120996441281,59,742
tl_attn_concat,attention pooling,echoes,fakemusiccaps,0.03389830508474576,0.9002695417789758,0.0,0.5377358490566038,0.3802660753880266,0.043237250554323724,0.3302536231884058,59,742
tl_attn_concat,attention pooling,fakemusiccaps,artifactbench,0.04900181488203267,1.0,0.073502722323049,1.0,0.010542168674698794,0.024096385542168676,0.3708185053380783,1102,5520
tl_attn_concat,attention pooling,sonics,artifactbench,0.0496,1.0,0.0384,1.0,0.0635593220338983,0.05508474576271186,0.5845909451945989,2500,2500
tl_attn_concat,attention pooling,sonics,fakemusiccaps,0.0496,1.0,0.0052,1.0,0.14079822616407983,0.03325942350332594,0.35489130434782606,2500,2500
FST10s,FST (MERT),artifactbench,fakemusiccaps,0.04861111111111111,0.906761565836299,0.003472222222222222,0.2526690391459075,0.360310421286031,0.04988913525498891,0.26068840579710145,864,1405
FST10s,FST (MERT),echoes,artifactbench,0.03389830508474576,0.5498652291105122,0.06779661016949153,0.628032345013477,0.022590361445783132,0.0391566265060241,0.6462633451957296,59,742
FST10s,FST (MERT),echoes,fakemusiccaps,0.03389830508474576,0.5498652291105122,0.0,0.07951482479784366,0.17516629711751663,0.03547671840354767,0.08333333333333333,59,742
FST10s,FST (MERT),fakemusiccaps,artifactbench,0.04900181488203267,0.9753623188405797,0.13157894736842105,0.9958333333333333,0.006024096385542169,0.0572289156626506,0.5188612099644128,1102,5520
FST10s,FST (MERT),sonics,artifactbench,0.0496,0.9916,0.002,0.8648,0.3093220338983051,0.07415254237288135,0.4011119936457506,2500,2500
FST10s,FST (MERT),sonics,fakemusiccaps,0.0496,0.9916,0.002,0.8564,0.3780487804878049,0.037694013303769404,0.19492753623188405,2500,2500
MuQfrozen10s,FST on frozen MuQ,artifactbench,fakemusiccaps,0.04861111111111111,0.9081850533807829,0.0011574074074074073,0.5793594306049822,0.2982261640798226,0.058758314855875834,0.4358695652173913,864,1405
MuQfrozen10s,FST on frozen MuQ,echoes,artifactbench,0.03389830508474576,0.8059299191374663,0.03389830508474576,0.7452830188679245,0.15210843373493976,0.07981927710843373,0.7451957295373666,59,742
MuQfrozen10s,FST on frozen MuQ,echoes,fakemusiccaps,0.03389830508474576,0.8059299191374663,0.0,0.3477088948787062,0.38802660753880264,0.04988913525498891,0.2797101449275362,59,742
MuQfrozen10s,FST on frozen MuQ,fakemusiccaps,artifactbench,0.04900181488203267,0.9896739130434783,0.0925589836660617,0.9971014492753624,0.015060240963855422,0.08433734939759036,0.504626334519573,1102,5520
MuQfrozen10s,FST on frozen MuQ,sonics,artifactbench,0.0476,1.0,0.0004,1.0,0.13559322033898305,0.023305084745762712,0.28594122319301035,2500,2500
MuQfrozen10s,FST on frozen MuQ,sonics,fakemusiccaps,0.0476,1.0,0.0004,1.0,0.1541019955654102,0.03325942350332594,0.16684782608695653,2500,2500
MuQFST10s,MuQ-FST,artifactbench,fakemusiccaps,0.04861111111111111,0.8540925266903915,0.0023148148148148147,0.597864768683274,0.2860310421286031,0.06984478935698447,0.5146739130434783,864,1405
MuQFST10s,MuQ-FST,echoes,artifactbench,0.03389830508474576,0.761455525606469,0.05084745762711865,0.7641509433962265,0.06927710843373494,0.07379518072289157,0.7153024911032029,59,742
MuQFST10s,MuQ-FST,echoes,fakemusiccaps,0.03389830508474576,0.761455525606469,0.0,0.3881401617250674,0.25277161862527714,0.031042128603104215,0.25072463768115943,59,742
MuQFST10s,MuQ-FST,fakemusiccaps,artifactbench,0.04900181488203267,0.9833333333333333,0.09165154264972777,0.9909420289855072,0.012048192771084338,0.07228915662650602,0.39786476868327403,1102,5520
MuQFST10s,MuQ-FST,sonics,artifactbench,0.0468,1.0,0.0056,1.0,0.1504237288135593,0.04025423728813559,0.4749801429706116,2500,2500
MuQFST10s,MuQ-FST,sonics,fakemusiccaps,0.0468,1.0,0.0012,1.0,0.24279379157427938,0.045454545454545456,0.2759057971014493,2500,2500
CLAM,CLAM,artifactbench,fakemusiccaps,0.048723897911832945,0.6680911680911681,0.0,0.05911680911680912,0.36585365853658536,0.07095343680709534,0.1983695652173913,862,1404
CLAM,CLAM,echoes,artifactbench,0.03389830508474576,0.4582210242587601,0.01694915254237288,0.3288409703504043,0.11329305135951662,0.04682779456193353,0.18447293447293447,59,742
CLAM,CLAM,echoes,fakemusiccaps,0.03389830508474576,0.4582210242587601,0.0,0.0673854447439353,0.21618625277161863,0.045454545454545456,0.058876811594202896,59,742
CLAM,CLAM,fakemusiccaps,artifactbench,0.04900181488203267,0.8588768115942029,0.2767695099818512,0.988768115942029,0.006042296072507553,0.04984894259818731,0.5163817663817664,1102,5520
CLAM,CLAM,sonics,artifactbench,0.0496,0.9976,0.1704,1.0,0.02127659574468085,0.08936170212765958,0.5079491255961844,2500,2500
CLAM,CLAM,sonics,fakemusiccaps,0.0496,0.9976,0.0156,0.9896,0.12749445676274945,0.050997782705099776,0.27608695652173915,2500,2500
CoMoE_best,CoMoE,artifactbench,fakemusiccaps,0.048723897911832945,0.5705128205128205,0.02088167053364269,0.396011396011396,0.16186252771618626,0.06762749445676275,0.27445652173913043,862,1404
CoMoE_best,CoMoE,echoes,artifactbench,0.03389830508474576,0.5404312668463612,0.05084745762711865,0.5700808625336927,0.07099697885196375,0.08006042296072508,0.5405982905982906,59,742
CoMoE_best,CoMoE,echoes,fakemusiccaps,0.03389830508474576,0.5404312668463612,0.0,0.38005390835579517,0.16851441241685144,0.06097560975609756,0.23931159420289855,59,742
CoMoE_best,CoMoE,fakemusiccaps,artifactbench,0.04900181488203267,0.8702898550724638,0.08439201451905626,0.927536231884058,0.027190332326283987,0.0513595166163142,0.45014245014245013,1102,5520
CoMoE_best,CoMoE,sonics,artifactbench,0.0496,0.9996,0.034,0.9984,0.06170212765957447,0.05319148936170213,0.30842607313195547,2500,2500
CoMoE_best,CoMoE,sonics,fakemusiccaps,0.0496,0.9996,0.0088,0.9876,0.17516629711751663,0.05543237250554324,0.33242753623188404,2500,2500
Sofia,Sofia,artifactbench,fakemusiccaps,0.04861111111111111,0.6654804270462633,0.0011574074074074073,0.2939501779359431,0.3270509977827051,0.05321507760532151,0.30869565217391304,864,1405
Sofia,Sofia,echoes,artifactbench,0.03389830508474576,0.6792452830188679,0.01694915254237288,0.6118598382749326,0.0572289156626506,0.043674698795180725,0.5786476868327403,59,742
Sofia,Sofia,echoes,fakemusiccaps,0.03389830508474576,0.6792452830188679,0.0,0.06064690026954178,0.2139689578713969,0.03215077605321508,0.1375,59,742
Sofia,Sofia,fakemusiccaps,artifactbench,0.04900181488203267,0.9869565217391304,0.12522686025408347,0.9969202898550724,0.016566265060240965,0.0286144578313253,0.3217081850533808,1102,5520
Sofia,Sofia,sonics,artifactbench,0.0496,1.0,0.0388,1.0,0.04025423728813559,0.03389830508474576,0.22716441620333597,2500,2500
Sofia,Sofia,sonics,fakemusiccaps,0.0496,1.0,0.2208,1.0,0.014412416851441241,0.04434589800443459,0.01322463768115942,2500,2500
SofiaVAG,Sofia-VAG,artifactbench,fakemusiccaps,0.04861111111111111,0.41779359430604984,0.01273148148148148,0.042704626334519574,0.2915742793791574,0.06762749445676275,0.1269927536231884,864,1405
SofiaVAG,Sofia-VAG,echoes,artifactbench,0.03389830508474576,0.5956873315363881,0.03389830508474576,0.5485175202156334,0.07981927710843373,0.04819277108433735,0.5430604982206406,59,742
SofiaVAG,Sofia-VAG,echoes,fakemusiccaps,0.03389830508474576,0.5956873315363881,0.01694915254237288,0.29245283018867924,0.21951219512195122,0.05432372505543237,0.2576086956521739,59,742
SofiaVAG,Sofia-VAG,fakemusiccaps,artifactbench,0.04900181488203267,0.9954710144927537,0.13793103448275862,0.9992753623188406,0.018072289156626505,0.0391566265060241,0.3167259786476868,1102,5520
SofiaVAG,Sofia-VAG,sonics,artifactbench,0.0496,1.0,0.0256,1.0,0.07838983050847458,0.048728813559322036,0.3193010325655282,2500,2500
SofiaVAG,Sofia-VAG,sonics,fakemusiccaps,0.0496,1.0,0.0008,1.0,0.30598669623059865,0.05543237250554324,0.08695652173913043,2500,2500
SpecTTTra,SpecTTTra,artifactbench,fakemusiccaps,0.048723897911832945,0.6844729344729344,0.001160092807424594,0.16168091168091167,0.34478935698447893,0.025498891352549888,0.09094202898550724,862,1404
SpecTTTra,SpecTTTra,echoes,artifactbench,0.03389830508474576,0.4164420485175202,0.1016949152542373,0.532345013477089,0.019637462235649546,0.06042296072507553,0.3418803418803419,59,742
SpecTTTra,SpecTTTra,echoes,fakemusiccaps,0.03389830508474576,0.4164420485175202,0.0,0.10107816711590296,0.15853658536585366,0.026607538802660754,0.07952898550724638,59,742
SpecTTTra,SpecTTTra,fakemusiccaps,artifactbench,0.04900181488203267,0.9932971014492754,0.09618874773139746,0.9969202898550724,0.0015105740181268882,0.055891238670694864,0.4886039886039886,1102,5520
SpecTTTra,SpecTTTra,sonics,artifactbench,0.0496,0.9996,0.0252,0.9992,0.09361702127659574,0.04468085106382979,0.3004769475357711,2500,2500
SpecTTTra,SpecTTTra,sonics,fakemusiccaps,0.0496,0.9996,0.012,0.998,0.17073170731707318,0.052106430155210645,0.2634057971014493,2500,2500
MusicDET,MusicDET,artifactbench,fakemusiccaps,0.048723897911832945,0.16168091168091167,0.0034802784222737818,0.01566951566951567,0.15964523281596452,0.025498891352549888,0.04221014492753623,862,1404
MusicDET,MusicDET,echoes,artifactbench,0.03389830508474576,0.014824797843665768,0.13559322033898305,0.33962264150943394,0.006042296072507553,0.06797583081570997,0.292022792022792,59,742
MusicDET,MusicDET,echoes,fakemusiccaps,0.03389830508474576,0.014824797843665768,0.05084745762711865,0.02425876010781671,0.018847006651884702,0.03436807095343681,0.04692028985507246,59,742
MusicDET,MusicDET,fakemusiccaps,artifactbench,0.04900181488203267,0.07934782608695652,0.10617059891107078,0.161231884057971,0.013595166163141994,0.061933534743202415,0.15384615384615385,1102,5520
MusicDET,MusicDET,sonics,artifactbench,0.0496,0.3468,0.0472,0.3328,0.03404255319148936,0.031914893617021274,0.15818759936406995,2500,2500
MusicDET,MusicDET,sonics,fakemusiccaps,0.0496,0.3468,0.0028,0.006,0.15077605321507762,0.03547671840354767,0.05235507246376812,2500,2500
