system,name,pairs,home_fpr_original,home_fpr_after,home_tpr_original,home_tpr_after,target_fpr_recalibrated
CLAM,CLAM,6,0.04412038716055952,0.07995311042070401,0.7397683380338153,0.572285223358863,0.0589073673757535
CoMoE_best,CoMoE,6,0.04412038716055952,0.0331535237799696,0.7534775348796678,0.709947066464157,0.06144115094285749
FST10s,FST (MERT),6,0.04410158936043921,0.034474629960022464,0.8275090571496505,0.6128749237150936,0.04893299191731034
MuQFST10s,MuQ-FST,6,0.04316825602710589,0.025268969181943535,0.8933894852061105,0.790182983798346,0.055446673008694554
MuQfrozen10s,FST on frozen MuQ,6,0.043434922693772554,0.02140244935970248,0.9182864674498656,0.7782421322711626,0.05489476414432958
MusicDET,MusicDET,6,0.04412038716055952,0.05768192588324104,0.16071305557586663,0.1465971335574562,0.04286132331424467
Sofia,Sofia,6,0.04410158936043921,0.06715557003397729,0.8351545858038549,0.6605628677225817,0.03931653556237049
SofiaVAG,Sofia-VAG,6,0.04410158936043921,0.03798499559855979,0.7674398786452633,0.6471583898429455,0.052243633861236975
SpecTTTra,SpecTTTra,6,0.04412038716055952,0.03937395929884323,0.7516423554928751,0.631537397021496,0.04420131846167025
fingerprint2025,fingerprint,6,0.0441816436082354,0.02703974572362983,0.8035500670251566,0.7514744011825858,0.047236099495882734
geometry,trajectory readout,6,0.04420044140835571,0.03279037565457265,0.8147064760752062,0.6127599976405415,0.052354287247606386
multires,three-support,6,0.0441816436082354,0.06033717628030675,0.8902203397408784,0.9252827456665638,0.06748507427432304
reader_w1r1,single-support,6,0.0441816436082354,0.06772790740236108,0.8463392770841858,0.8765597839457945,0.05345748811322557
tl_attn_concat,attention pooling,6,0.04410158936043921,0.020288725325446438,0.9561989813047358,0.8235821878607079,0.037775212994486114
tl_mean_concat,mean pooling,6,0.04383492269377256,0.012251177992874908,0.9403949985280322,0.8047160665102345,0.03578649975149575
triple,fixed fusion,6,0.04420044140835571,0.025230975352948676,0.941031814452787,0.9007653473518236,0.048975341424979814
