system,trainer,generator,n_human,n_generated,auroc
three_support,artifactbench,acestep1.5,1102,989,0.9974428330510386
three_support,artifactbench,heartmula,1102,989,0.994518652546432
three_support,artifactbench,minimax_2.6,1102,304,0.686431368803133
three_support,artifactbench,mureka_v9,1102,662,0.4682107785350448
three_support,artifactbench,suno_v5.5,1102,330,0.984337018093824
three_support,artifactbench,sunov5_new,1102,340,0.9108118928152024
single_support,artifactbench,acestep1.5,1102,989,0.9860819284360268
single_support,artifactbench,heartmula,1102,989,0.9393299066501022
single_support,artifactbench,minimax_2.6,1102,304,0.6418443738656987
single_support,artifactbench,mureka_v9,1102,662,0.432638268240661
single_support,artifactbench,suno_v5.5,1102,330,0.9193449925754826
single_support,artifactbench,sunov5_new,1102,340,0.8100138785096616
fingerprint,artifactbench,acestep1.5,1102,989,0.857365686801642
fingerprint,artifactbench,heartmula,1102,989,0.8859789811336681
fingerprint,artifactbench,minimax_2.6,1102,304,0.541607961600917
fingerprint,artifactbench,mureka_v9,1102,662,0.4746876045202077
fingerprint,artifactbench,suno_v5.5,1102,330,0.8791261068030578
fingerprint,artifactbench,sunov5_new,1102,340,0.728832603821928
trajectory,artifactbench,acestep1.5,1102,989,0.8380708666474597
trajectory,artifactbench,heartmula,1102,989,0.8718535469107551
trajectory,artifactbench,minimax_2.6,1102,304,0.7619071783360398
trajectory,artifactbench,mureka_v9,1102,662,0.7386926269732045
trajectory,artifactbench,suno_v5.5,1102,330,0.8396854204476709
trajectory,artifactbench,sunov5_new,1102,340,0.7363643642574997
mean_pooling,artifactbench,acestep1.5,1102,989,0.976887780100158
mean_pooling,artifactbench,heartmula,1102,989,0.8764448864918826
mean_pooling,artifactbench,minimax_2.6,1102,304,0.8963174013754897
mean_pooling,artifactbench,mureka_v9,1102,662,0.7098450496488121
mean_pooling,artifactbench,suno_v5.5,1102,330,0.9574245174063688
mean_pooling,artifactbench,sunov5_new,1102,340,0.8369341838368741
attention_pooling,artifactbench,acestep1.5,1102,989,0.9830444324961144
attention_pooling,artifactbench,heartmula,1102,989,0.9393592677345538
attention_pooling,artifactbench,minimax_2.6,1102,304,0.9434729916897509
attention_pooling,artifactbench,mureka_v9,1102,662,0.7788996660836381
attention_pooling,artifactbench,suno_v5.5,1102,330,0.9814758290711104
attention_pooling,artifactbench,sunov5_new,1102,340,0.8982278210739831
muq_fst,artifactbench,acestep1.5,1102,989,0.9753908235600682
muq_fst,artifactbench,heartmula,1102,989,0.8268173134974739
muq_fst,artifactbench,minimax_2.6,1102,304,0.9126349221511127
muq_fst,artifactbench,mureka_v9,1102,662,0.7020180281937264
muq_fst,artifactbench,suno_v5.5,1102,330,0.954109607875488
muq_fst,artifactbench,sunov5_new,1102,340,0.8541622184263906
clam,artifactbench,acestep1.5,1102,989,0.7134504962940805
clam,artifactbench,heartmula,1102,989,0.743889683065444
clam,artifactbench,minimax_2.6,1102,304,0.7275050148056167
clam,artifactbench,mureka_v9,1102,662,0.5271121991874154
clam,artifactbench,suno_v5.5,1102,330,0.6078259913105648
clam,artifactbench,sunov5_new,1102,340,0.4985427564855343
sofia_vag,artifactbench,acestep1.5,1102,989,0.640432231864484
sofia_vag,artifactbench,heartmula,1102,989,0.6133030485981
sofia_vag,artifactbench,minimax_2.6,1102,304,0.5476899059126946
sofia_vag,artifactbench,mureka_v9,1102,662,0.479394098069426
sofia_vag,artifactbench,suno_v5.5,1102,330,0.6007245779024363
sofia_vag,artifactbench,sunov5_new,1102,340,0.4827492793850753
learned_fusion,artifactbench,acestep1.5,1102,989,0.9988136286813754
learned_fusion,artifactbench,heartmula,1102,989,0.9969840661064816
learned_fusion,artifactbench,minimax_2.6,1102,304,0.8940055162861783
learned_fusion,artifactbench,mureka_v9,1102,662,0.655661773978649
learned_fusion,artifactbench,suno_v5.5,1102,330,0.9964032337898036
learned_fusion,artifactbench,sunov5_new,1102,340,0.9593359666915768
fixed_fusion,artifactbench,acestep1.5,1102,989,0.9732245260478696
fixed_fusion,artifactbench,heartmula,1102,989,0.9850767700605022
fixed_fusion,artifactbench,minimax_2.6,1102,304,0.7974242406151495
fixed_fusion,artifactbench,mureka_v9,1102,662,0.6669718885190892
fixed_fusion,artifactbench,suno_v5.5,1102,330,0.976570147940384
fixed_fusion,artifactbench,sunov5_new,1102,340,0.9049402156506886
three_support,echoes,acestep1.5,1102,989,0.998561306861869
three_support,echoes,heartmula,1102,989,0.994415888750851
three_support,echoes,minimax_2.6,1102,304,0.7161620021014423
three_support,echoes,mureka_v9,1102,662,0.4758116251144582
three_support,echoes,suno_v5.5,1102,330,0.9937771544849584
three_support,echoes,sunov5_new,1102,340,0.9548040994982384
single_support,echoes,acestep1.5,1102,989,0.9941011746268849
single_support,echoes,heartmula,1102,989,0.951807450008166
single_support,echoes,minimax_2.6,1102,304,0.6726257283408157
single_support,echoes,mureka_v9,1102,662,0.4566018390073527
single_support,echoes,suno_v5.5,1102,330,0.9781966672166308
single_support,echoes,sunov5_new,1102,340,0.9245516173801644
fingerprint,echoes,acestep1.5,1102,989,0.7964799729878023
fingerprint,echoes,heartmula,1102,989,0.7360502735168524
fingerprint,echoes,minimax_2.6,1102,304,0.6964818750597
fingerprint,echoes,mureka_v9,1102,662,0.553253902544673
fingerprint,echoes,suno_v5.5,1102,330,0.8861711488753231
fingerprint,echoes,sunov5_new,1102,340,0.798638838475499
trajectory,echoes,acestep1.5,1102,989,0.8188641297466321
trajectory,echoes,heartmula,1102,989,0.8216369171595351
trajectory,echoes,minimax_2.6,1102,304,0.7452687697010222
trajectory,echoes,mureka_v9,1102,662,0.7662023456390744
trajectory,echoes,suno_v5.5,1102,330,0.7808694934829237
trajectory,echoes,sunov5_new,1102,340,0.7386836767374826
mean_pooling,echoes,acestep1.5,1102,989,0.9305624115726714
mean_pooling,echoes,heartmula,1102,989,0.9614846799366532
mean_pooling,echoes,minimax_2.6,1102,304,0.8176536082720413
mean_pooling,echoes,mureka_v9,1102,662,0.8547875052774138
mean_pooling,echoes,suno_v5.5,1102,330,0.9082150910190838
mean_pooling,echoes,sunov5_new,1102,340,0.8565589302871783
attention_pooling,echoes,acestep1.5,1102,989,0.9001911223091024
attention_pooling,echoes,heartmula,1102,989,0.957135569302252
attention_pooling,echoes,minimax_2.6,1102,304,0.8207595042506446
attention_pooling,echoes,mureka_v9,1102,662,0.8639729467433559
attention_pooling,echoes,suno_v5.5,1102,330,0.9206676566023207
attention_pooling,echoes,sunov5_new,1102,340,0.8678699156613644
muq_fst,echoes,acestep1.5,1102,989,0.9197139496347296
muq_fst,echoes,heartmula,1102,989,0.9004911558908428
muq_fst,echoes,minimax_2.6,1102,304,0.8389307121023976
muq_fst,echoes,mureka_v9,1102,662,0.8053045547507689
muq_fst,echoes,suno_v5.5,1102,330,0.865484243524171
muq_fst,echoes,sunov5_new,1102,340,0.8635448916408668
clam,echoes,acestep1.5,1102,989,0.5544528837172601
clam,echoes,heartmula,1102,989,0.697087196915618
clam,echoes,minimax_2.6,1102,304,0.6801628617824051
clam,echoes,mureka_v9,1102,662,0.5965506275324732
clam,echoes,suno_v5.5,1102,330,0.6561815981961173
clam,echoes,sunov5_new,1102,340,0.5788406106544252
sofia_vag,echoes,acestep1.5,1102,989,0.8539593422383055
sofia_vag,echoes,heartmula,1102,989,0.8474145730072541
sofia_vag,echoes,minimax_2.6,1102,304,0.8310935858248161
sofia_vag,echoes,mureka_v9,1102,662,0.7259151172545386
sofia_vag,echoes,suno_v5.5,1102,330,0.7822402793818402
sofia_vag,echoes,sunov5_new,1102,340,0.7770390733425857
learned_fusion,echoes,acestep1.5,1102,989,0.998802618274706
learned_fusion,echoes,heartmula,1102,989,0.9969124984631308
learned_fusion,echoes,minimax_2.6,1102,304,0.8077299646575605
learned_fusion,echoes,mureka_v9,1102,662,0.6554767218076445
learned_fusion,echoes,suno_v5.5,1102,330,0.99604025738327
learned_fusion,echoes,sunov5_new,1102,340,0.9707697234973844
fixed_fusion,echoes,acestep1.5,1102,989,0.9759463903299268
fixed_fusion,echoes,heartmula,1102,989,0.9679615516599104
fixed_fusion,echoes,minimax_2.6,1102,304,0.8492006161046901
fixed_fusion,echoes,mureka_v9,1102,662,0.7028377407734359
fixed_fusion,echoes,suno_v5.5,1102,330,0.9813685860419072
fixed_fusion,echoes,sunov5_new,1102,340,0.9460846589089356
three_support,fakemusiccaps,acestep1.5,1102,989,0.9982456752040136
three_support,fakemusiccaps,heartmula,1102,989,0.9948719030937409
three_support,fakemusiccaps,minimax_2.6,1102,304,0.778611257044608
three_support,fakemusiccaps,mureka_v9,1102,662,0.6124013740466385
three_support,fakemusiccaps,suno_v5.5,1102,330,0.9957707748996314
three_support,fakemusiccaps,sunov5_new,1102,340,0.9291208497918224
single_support,fakemusiccaps,acestep1.5,1102,989,0.991594472041825
single_support,fakemusiccaps,heartmula,1102,989,0.9711655800006972
single_support,fakemusiccaps,minimax_2.6,1102,304,0.6556380743146433
single_support,fakemusiccaps,mureka_v9,1102,662,0.472457383170396
single_support,fakemusiccaps,suno_v5.5,1102,330,0.9717235879667822
single_support,fakemusiccaps,sunov5_new,1102,340,0.8339729902850433
fingerprint,fakemusiccaps,acestep1.5,1102,989,0.9829632307469276
fingerprint,fakemusiccaps,heartmula,1102,989,0.9914256458062276
fingerprint,fakemusiccaps,minimax_2.6,1102,304,0.7488656987295825
fingerprint,fakemusiccaps,mureka_v9,1102,662,0.5231822393780053
fingerprint,fakemusiccaps,suno_v5.5,1102,330,0.9757603255788374
fingerprint,fakemusiccaps,sunov5_new,1102,340,0.8775435037899006
trajectory,fakemusiccaps,acestep1.5,1102,989,0.7668280302932989
trajectory,fakemusiccaps,heartmula,1102,989,0.7348473865882236
trajectory,fakemusiccaps,minimax_2.6,1102,304,0.5883650539688604
trajectory,fakemusiccaps,mureka_v9,1102,662,0.6033893333187119
trajectory,fakemusiccaps,suno_v5.5,1102,330,0.6401006434581752
trajectory,fakemusiccaps,sunov5_new,1102,340,0.5693498452012384
mean_pooling,fakemusiccaps,acestep1.5,1102,989,0.8851238395490137
mean_pooling,fakemusiccaps,heartmula,1102,989,0.4909145794299912
mean_pooling,fakemusiccaps,minimax_2.6,1102,304,0.6396444264017576
mean_pooling,fakemusiccaps,mureka_v9,1102,662,0.3380574182617706
mean_pooling,fakemusiccaps,suno_v5.5,1102,330,0.5961749986250894
mean_pooling,fakemusiccaps,sunov5_new,1102,340,0.4800883420518843
attention_pooling,fakemusiccaps,acestep1.5,1102,989,0.8726944667201284
attention_pooling,fakemusiccaps,heartmula,1102,989,0.527815957382386
attention_pooling,fakemusiccaps,minimax_2.6,1102,304,0.6764465326201164
attention_pooling,fakemusiccaps,mureka_v9,1102,662,0.3620490895433186
attention_pooling,fakemusiccaps,suno_v5.5,1102,330,0.6103723257988231
attention_pooling,fakemusiccaps,sunov5_new,1102,340,0.4955482011316323
muq_fst,fakemusiccaps,acestep1.5,1102,989,0.800218464818998
muq_fst,fakemusiccaps,heartmula,1102,989,0.5261978863689329
muq_fst,fakemusiccaps,minimax_2.6,1102,304,0.5668133298309294
muq_fst,fakemusiccaps,mureka_v9,1102,662,0.3605727844457482
muq_fst,fakemusiccaps,suno_v5.5,1102,330,0.5369617224880383
muq_fst,fakemusiccaps,sunov5_new,1102,340,0.4621543717305434
clam,fakemusiccaps,acestep1.5,1102,989,0.6773060838002052
clam,fakemusiccaps,heartmula,1102,989,0.4757670124546049
clam,fakemusiccaps,minimax_2.6,1102,304,0.5204830929410641
clam,fakemusiccaps,mureka_v9,1102,662,0.356983457706669
clam,fakemusiccaps,suno_v5.5,1102,330,0.4365066270692405
clam,fakemusiccaps,sunov5_new,1102,340,0.282742607024661
sofia_vag,fakemusiccaps,acestep1.5,1102,989,0.7941512719772306
sofia_vag,fakemusiccaps,heartmula,1102,989,0.5347662765924259
sofia_vag,fakemusiccaps,minimax_2.6,1102,304,0.5425482376540262
sofia_vag,fakemusiccaps,mureka_v9,1102,662,0.4119631430905632
sofia_vag,fakemusiccaps,suno_v5.5,1102,330,0.6422317549359291
sofia_vag,fakemusiccaps,sunov5_new,1102,340,0.4556261343012703
learned_fusion,fakemusiccaps,acestep1.5,1102,989,0.998088776908975
learned_fusion,fakemusiccaps,heartmula,1102,989,0.960805704858709
learned_fusion,fakemusiccaps,minimax_2.6,1102,304,0.7720591747062757
learned_fusion,fakemusiccaps,mureka_v9,1102,662,0.4141947351971971
learned_fusion,fakemusiccaps,suno_v5.5,1102,330,0.9718418302810318
learned_fusion,fakemusiccaps,sunov5_new,1102,340,0.7943765346428953
fixed_fusion,fakemusiccaps,acestep1.5,1102,989,0.9846771840517928
fixed_fusion,fakemusiccaps,heartmula,1102,989,0.9830774637161224
fixed_fusion,fakemusiccaps,minimax_2.6,1102,304,0.8091985863024167
fixed_fusion,fakemusiccaps,mureka_v9,1102,662,0.641222906991408
fixed_fusion,fakemusiccaps,suno_v5.5,1102,330,0.9623590716603422
fixed_fusion,fakemusiccaps,sunov5_new,1102,340,0.9007513077826412
three_support,sonics,acestep1.5,1102,989,0.9979410539528276
three_support,sonics,heartmula,1102,989,0.9925578826253948
three_support,sonics,minimax_2.6,1102,304,0.5530852994555353
three_support,sonics,mureka_v9,1102,662,0.4059153639907666
three_support,sonics,suno_v5.5,1102,330,0.9832893361931474
three_support,sonics,sunov5_new,1102,340,0.8316536778050603
single_support,sonics,acestep1.5,1102,989,0.9746246827626576
single_support,sonics,heartmula,1102,989,0.9153419006531006
single_support,sonics,minimax_2.6,1102,304,0.4560309007546088
single_support,sonics,mureka_v9,1102,662,0.3397914256419254
single_support,sonics,suno_v5.5,1102,330,0.9358301710388826
single_support,sonics,sunov5_new,1102,340,0.7240578627095121
fingerprint,sonics,acestep1.5,1102,989,0.4994797582848722
fingerprint,sonics,heartmula,1102,989,0.6923912584711317
fingerprint,sonics,minimax_2.6,1102,304,0.6026154599293152
fingerprint,sonics,mureka_v9,1102,662,0.5898613342398604
fingerprint,sonics,suno_v5.5,1102,330,0.6248666336688116
fingerprint,sonics,sunov5_new,1102,340,0.6281199957296894
trajectory,sonics,acestep1.5,1102,989,0.6531272307542679
trajectory,sonics,heartmula,1102,989,0.7788596521812533
trajectory,sonics,minimax_2.6,1102,304,0.6760047521253225
trajectory,sonics,mureka_v9,1102,662,0.6469040086412511
trajectory,sonics,suno_v5.5,1102,330,0.657911235769675
trajectory,sonics,sunov5_new,1102,340,0.5564054659976514
mean_pooling,sonics,acestep1.5,1102,989,0.622994041534924
mean_pooling,sonics,heartmula,1102,989,0.5870225841791467
mean_pooling,sonics,minimax_2.6,1102,304,0.6361594349985672
mean_pooling,sonics,mureka_v9,1102,662,0.4740563710035584
mean_pooling,sonics,suno_v5.5,1102,330,0.578081174723643
mean_pooling,sonics,sunov5_new,1102,340,0.2269563360734493
attention_pooling,sonics,acestep1.5,1102,989,0.7366443767100537
attention_pooling,sonics,heartmula,1102,989,0.63905868363248
attention_pooling,sonics,minimax_2.6,1102,304,0.6745540405005254
attention_pooling,sonics,mureka_v9,1102,662,0.4736650199308042
attention_pooling,sonics,suno_v5.5,1102,330,0.6424063685860419
attention_pooling,sonics,sunov5_new,1102,340,0.2929526529305006
muq_fst,sonics,acestep1.5,1102,989,0.6401565129308051
muq_fst,sonics,heartmula,1102,989,0.4996981313504814
muq_fst,sonics,minimax_2.6,1102,304,0.5810488107746681
muq_fst,sonics,mureka_v9,1102,662,0.3669982070500764
muq_fst,sonics,suno_v5.5,1102,330,0.621832205906616
muq_fst,sonics,sunov5_new,1102,340,0.2510275435037898
clam,sonics,acestep1.5,1102,989,0.5854884675165477
clam,sonics,heartmula,1102,989,0.6803651417865118
clam,sonics,minimax_2.6,1102,304,0.5939738752507403
clam,sonics,mureka_v9,1102,662,0.6138742522521534
clam,sonics,suno_v5.5,1102,330,0.3655227410218336
clam,sonics,sunov5_new,1102,340,0.3795078466958471
sofia_vag,sonics,acestep1.5,1102,989,0.4160071127227084
sofia_vag,sonics,heartmula,1102,989,0.4031006222714836
sofia_vag,sonics,minimax_2.6,1102,304,0.2346361877925303
sofia_vag,sonics,mureka_v9,1102,662,0.2652935338659181
sofia_vag,sonics,suno_v5.5,1102,330,0.2461282516636418
sofia_vag,sonics,sunov5_new,1102,340,0.2186025408348457
learned_fusion,sonics,acestep1.5,1102,989,0.9833063884214563
learned_fusion,sonics,heartmula,1102,989,0.9573401793595246
learned_fusion,sonics,minimax_2.6,1102,304,0.6751808912025983
learned_fusion,sonics,mureka_v9,1102,662,0.4313113756367165
learned_fusion,sonics,suno_v5.5,1102,330,0.947681900676456
learned_fusion,sonics,sunov5_new,1102,340,0.515632005978435
fixed_fusion,sonics,acestep1.5,1102,989,0.8215635144484063
fixed_fusion,sonics,heartmula,1102,989,0.9332865696894516
fixed_fusion,sonics,minimax_2.6,1102,304,0.7152276960550197
fixed_fusion,sonics,mureka_v9,1102,662,0.6231316584512642
fixed_fusion,sonics,suno_v5.5,1102,330,0.8705631633943793
fixed_fusion,sonics,sunov5_new,1102,340,0.7663486174869222
