system,trainer,target,n_human,n_generated,auroc,in_summary
fixed_fusion,artifactbench,echoes,59,742,0.9519850153044908,True
fixed_fusion,artifactbench,fakemusiccaps,1102,5520,0.9549523757857916,True
fixed_fusion,artifactbench,sonics,6882,12778,0.9946136033993692,False
fixed_fusion,artifactbench,music8k,1102,3614,0.8994632438681193,False
fixed_fusion,echoes,artifactbench,862,1404,0.9287836046826766,True
fixed_fusion,echoes,fakemusiccaps,1102,5520,0.9513956837370788,True
fixed_fusion,echoes,sonics,6882,12778,0.9185628620355141,False
fixed_fusion,echoes,music8k,1102,3614,0.9107584238347142,False
fixed_fusion,fakemusiccaps,artifactbench,862,1404,0.8704455615708515,True
fixed_fusion,fakemusiccaps,echoes,59,742,0.923546073370186,True
fixed_fusion,fakemusiccaps,sonics,6882,12778,0.8284217304162118,False
fixed_fusion,fakemusiccaps,music8k,1102,3614,0.8966323241839308,False
fixed_fusion,sonics,artifactbench,670,1258,0.8769024511781317,True
fixed_fusion,sonics,echoes,59,742,0.8664854493124401,True
fixed_fusion,sonics,fakemusiccaps,1102,5520,0.855191318814277,True
fixed_fusion,sonics,music8k,1102,3614,0.8061243731526018,False
learned_fusion,artifactbench,echoes,59,742,0.9649824112567957,True
learned_fusion,artifactbench,fakemusiccaps,1102,5520,0.9718030787237959,True
learned_fusion,artifactbench,sonics,2500,2500,0.9999975999999999,False
learned_fusion,artifactbench,music8k,1102,3614,0.9227053091576717,False
learned_fusion,echoes,artifactbench,862,1404,0.930384516231384,True
learned_fusion,echoes,fakemusiccaps,1102,5520,0.9877500394539573,True
learned_fusion,echoes,sonics,2500,2500,0.93783728,False
learned_fusion,echoes,music8k,1102,3614,0.9164340731798198,False
learned_fusion,fakemusiccaps,artifactbench,862,1404,0.8708149073578307,True
learned_fusion,fakemusiccaps,echoes,59,742,0.8686783315820732,True
learned_fusion,fakemusiccaps,sonics,2500,2500,0.93434336,False
learned_fusion,fakemusiccaps,music8k,1102,3614,0.8403556646515817,False
learned_fusion,sonics,artifactbench,670,1258,0.9212111145385947,True
learned_fusion,sonics,echoes,59,742,0.8873635159212389,True
learned_fusion,sonics,fakemusiccaps,1102,5520,0.9512069623083195,True
learned_fusion,sonics,music8k,1102,3614,0.8019182308766974,False
three_support,artifactbench,echoes,59,742,0.8965690529489698,True
three_support,artifactbench,fakemusiccaps,1102,5520,0.9449138917383414,True
three_support,artifactbench,sonics,6882,12778,0.9973264291207429,False
three_support,artifactbench,music8k,1102,3614,0.8641914333952354,False
three_support,echoes,artifactbench,864,1405,0.8810440556214578,True
three_support,echoes,fakemusiccaps,1102,5520,0.981957869749336,True
three_support,echoes,sonics,6882,12778,0.8181794347930449,False
three_support,echoes,music8k,1102,3614,0.8733632666671355,False
three_support,fakemusiccaps,artifactbench,864,1405,0.8159969355476472,True
three_support,fakemusiccaps,echoes,59,742,0.87386358444881,True
three_support,fakemusiccaps,sonics,6882,12778,0.7489989162388548,False
three_support,fakemusiccaps,music8k,1102,3614,0.9014405814452167,False
three_support,sonics,artifactbench,672,1259,0.9158983887439011,True
three_support,sonics,echoes,59,742,0.7725113070492029,True
three_support,sonics,fakemusiccaps,1102,5520,0.9196904015097714,True
three_support,sonics,music8k,1102,3614,0.8336206645461238,False
single_support,artifactbench,echoes,59,742,0.8035314541550551,True
single_support,artifactbench,fakemusiccaps,1102,5520,0.8566517727978117,True
single_support,artifactbench,sonics,6882,12778,0.9822837109371678,False
single_support,artifactbench,music8k,1102,3614,0.8202955435456187,False
single_support,echoes,artifactbench,864,1405,0.8380931198102016,True
single_support,echoes,fakemusiccaps,1102,5520,0.9375335358636471,True
single_support,echoes,sonics,6882,12778,0.7689281913401999,False
single_support,echoes,music8k,1102,3614,0.8490328496660999,False
single_support,fakemusiccaps,artifactbench,864,1405,0.8000972057466718,True
single_support,fakemusiccaps,echoes,59,742,0.8183105669514369,True
single_support,fakemusiccaps,sonics,6882,12778,0.7487174799446648,False
single_support,fakemusiccaps,music8k,1102,3614,0.8460072093100334,False
single_support,sonics,artifactbench,672,1259,0.9008874200990961,True
single_support,sonics,echoes,59,742,0.7431815066928593,True
single_support,sonics,fakemusiccaps,1102,5520,0.8378219607301611,True
single_support,sonics,music8k,1102,3614,0.7713768396144456,False
fingerprint,artifactbench,echoes,59,742,0.8113435972406231,True
fingerprint,artifactbench,fakemusiccaps,1102,5520,0.8713557694836793,True
fingerprint,artifactbench,sonics,6882,12778,0.9581755691235694,False
fingerprint,artifactbench,music8k,1102,3614,0.758432371790687,False
fingerprint,echoes,artifactbench,864,1405,0.8326759588770265,True
fingerprint,echoes,fakemusiccaps,1102,5520,0.8343934940424523,True
fingerprint,echoes,sonics,6882,12778,0.9197795801951634,False
fingerprint,echoes,music8k,1102,3614,0.7353709661057974,False
fingerprint,fakemusiccaps,artifactbench,864,1405,0.8318233491498616,True
fingerprint,fakemusiccaps,echoes,59,742,0.9062314404495408,True
fingerprint,fakemusiccaps,sonics,6882,12778,0.76887986194304,False
fingerprint,fakemusiccaps,music8k,1102,3614,0.870790844638264,False
fingerprint,sonics,artifactbench,672,1259,0.6781246454101896,True
fingerprint,sonics,echoes,59,742,0.7311891817808032,True
fingerprint,sonics,fakemusiccaps,1102,5520,0.611771252531629,True
fingerprint,sonics,music8k,1102,3614,0.6010543791687298,False
trajectory,artifactbench,echoes,59,742,0.9287541687605647,True
trajectory,artifactbench,fakemusiccaps,1102,5520,0.8594819366632473,True
trajectory,artifactbench,sonics,6882,12778,0.9526502226631985,False
trajectory,artifactbench,music8k,1102,3614,0.813284343905582,False
trajectory,echoes,artifactbench,862,1404,0.8893557353534152,True
trajectory,echoes,fakemusiccaps,1102,5520,0.7658233383308346,True
trajectory,echoes,sonics,6882,12778,0.8376024225013669,False
trajectory,echoes,music8k,1102,3614,0.7927732642867975,False
trajectory,fakemusiccaps,artifactbench,862,1404,0.8248516006636657,True
trajectory,fakemusiccaps,echoes,59,742,0.8885056421033395,True
trajectory,fakemusiccaps,sonics,6882,12778,0.798641070599174,False
trajectory,fakemusiccaps,music8k,1102,3614,0.6829761654867088,False
trajectory,sonics,artifactbench,670,1258,0.8191656977433974,True
trajectory,sonics,echoes,59,742,0.8621453698204578,True
trajectory,sonics,fakemusiccaps,1102,5520,0.772254662142613,True
trajectory,sonics,music8k,1102,3614,0.6796567492620451,False
mean_pooling,artifactbench,echoes,59,742,0.9481246288089907,True
mean_pooling,artifactbench,fakemusiccaps,1102,5520,0.8917128606749257,True
mean_pooling,artifactbench,sonics,2500,2500,0.9999065600000001,False
mean_pooling,artifactbench,music8k,1102,3614,0.8787635952943634,False
mean_pooling,echoes,artifactbench,864,1405,0.9134650553578489,True
mean_pooling,echoes,fakemusiccaps,1102,5520,0.8291484192114469,True
mean_pooling,echoes,sonics,2500,2500,0.99721496,False
mean_pooling,echoes,music8k,1102,3614,0.9066440551314356,False
mean_pooling,fakemusiccaps,artifactbench,864,1405,0.772733376169764,True
mean_pooling,fakemusiccaps,echoes,59,742,0.7931723696834025,True
mean_pooling,fakemusiccaps,sonics,2500,2500,0.9011167999999999,False
mean_pooling,fakemusiccaps,music8k,1102,3614,0.5918969835997739,False
mean_pooling,sonics,artifactbench,672,1259,0.8209794243352623,True
mean_pooling,sonics,echoes,59,742,0.8297546712960848,True
mean_pooling,sonics,fakemusiccaps,1102,5520,0.874594610589442,True
mean_pooling,sonics,music8k,1102,3614,0.545615985223827,False
attention_pooling,artifactbench,echoes,59,742,0.9657933208460872,True
attention_pooling,artifactbench,fakemusiccaps,1102,5520,0.894156129172256,True
attention_pooling,artifactbench,sonics,2500,2500,0.99998648,False
attention_pooling,artifactbench,music8k,1102,3614,0.9222438048444394,False
attention_pooling,echoes,artifactbench,864,1405,0.9127615493607487,True
attention_pooling,echoes,fakemusiccaps,1102,5520,0.8464812001893791,True
attention_pooling,echoes,sonics,2500,2500,0.9952919199999999,False
attention_pooling,echoes,music8k,1102,3614,0.9012875417940114,False
attention_pooling,fakemusiccaps,artifactbench,864,1405,0.8012517299327797,True
attention_pooling,fakemusiccaps,echoes,59,742,0.8067636712503997,True
attention_pooling,fakemusiccaps,sonics,2500,2500,0.9458496000000001,False
attention_pooling,fakemusiccaps,music8k,1102,3614,0.6088351711482971,False
attention_pooling,sonics,artifactbench,672,1259,0.826255129732592,True
attention_pooling,sonics,echoes,59,742,0.8232559733199324,True
attention_pooling,sonics,fakemusiccaps,1102,5520,0.8448866849470001,True
attention_pooling,sonics,music8k,1102,3614,0.6061978422287997,False
fst_mert,artifactbench,echoes,59,742,0.9156197176664078,True
fst_mert,artifactbench,fakemusiccaps,1102,5520,0.784782197716931,True
fst_mert,artifactbench,sonics,2500,2500,0.98232624,False
fst_mert,artifactbench,music8k,1102,3614,0.8464082008161445,False
fst_mert,echoes,artifactbench,864,1405,0.9373022933965995,True
fst_mert,echoes,fakemusiccaps,1102,5520,0.7242995278676451,True
fst_mert,echoes,sonics,2500,2500,0.9192444,False
fst_mert,echoes,music8k,1102,3614,0.880350236075275,False
fst_mert,fakemusiccaps,artifactbench,864,1405,0.7672383682614998,True
fst_mert,fakemusiccaps,echoes,59,742,0.9129699849239344,True
fst_mert,fakemusiccaps,sonics,2500,2500,0.92784184,False
fst_mert,fakemusiccaps,music8k,1102,3614,0.638832198236943,False
fst_mert,sonics,artifactbench,672,1259,0.7940010495858392,True
fst_mert,sonics,echoes,59,742,0.8700488830005938,True
fst_mert,sonics,fakemusiccaps,1102,5520,0.72555630079697,True
fst_mert,sonics,music8k,1102,3614,0.5089889138528629,False
fst_muq_frozen,artifactbench,echoes,59,742,0.9292338617570468,True
fst_muq_frozen,artifactbench,fakemusiccaps,1102,5520,0.8480499881638128,True
fst_muq_frozen,artifactbench,sonics,2500,2500,0.99948656,False
fst_muq_frozen,artifactbench,music8k,1102,3614,0.8391445296924543,False
fst_muq_frozen,echoes,artifactbench,864,1405,0.9003501054435219,True
fst_muq_frozen,echoes,fakemusiccaps,1102,5520,0.8135068156711118,True
fst_muq_frozen,echoes,sonics,2500,2500,0.9752204,False
fst_muq_frozen,echoes,music8k,1102,3614,0.8498593140007051,False
fst_muq_frozen,fakemusiccaps,artifactbench,864,1405,0.7677606432054831,True
fst_muq_frozen,fakemusiccaps,echoes,59,742,0.8752112933436887,True
fst_muq_frozen,fakemusiccaps,sonics,2500,2500,0.9498645600000002,False
fst_muq_frozen,fakemusiccaps,music8k,1102,3614,0.5809518237706359,False
fst_muq_frozen,sonics,artifactbench,672,1259,0.7084243447180302,True
fst_muq_frozen,sonics,echoes,59,742,0.784686372150395,True
fst_muq_frozen,sonics,fakemusiccaps,1102,5520,0.6676821950866673,True
fst_muq_frozen,sonics,music8k,1102,3614,0.465275692331797,False
muq_fst,artifactbench,echoes,59,742,0.9153227648590618,True
muq_fst,artifactbench,fakemusiccaps,1102,5520,0.8606713912780453,True
muq_fst,artifactbench,sonics,2500,2500,0.997064,False
muq_fst,artifactbench,music8k,1102,3614,0.8660299179335855,False
muq_fst,echoes,artifactbench,864,1405,0.9000131804402267,True
muq_fst,echoes,fakemusiccaps,1102,5520,0.8251147452589496,True
muq_fst,echoes,sonics,2500,2500,0.96599176,False
muq_fst,echoes,music8k,1102,3614,0.8764649874404538,False
muq_fst,fakemusiccaps,artifactbench,864,1405,0.7344371952023196,True
muq_fst,fakemusiccaps,echoes,59,742,0.8801681209740051,True
muq_fst,fakemusiccaps,sonics,2500,2500,0.8530441600000002,False
muq_fst,fakemusiccaps,music8k,1102,3614,0.5692213784465936,False
muq_fst,sonics,artifactbench,672,1259,0.8253237404969931,True
muq_fst,sonics,echoes,59,742,0.8752341358673308,True
muq_fst,sonics,fakemusiccaps,1102,5520,0.7994340823009549,True
muq_fst,sonics,music8k,1102,3614,0.5084288565238833,False
comoe_xcodec,artifactbench,echoes,59,742,0.8616428343003335,True
comoe_xcodec,artifactbench,fakemusiccaps,1102,5520,0.7721015314711066,True
comoe_xcodec,artifactbench,sonics,2500,2500,0.98884504,False
comoe_xcodec,artifactbench,music8k,1102,3614,0.7024816277091408,False
comoe_xcodec,echoes,artifactbench,862,1404,0.8618109676694363,True
comoe_xcodec,echoes,fakemusiccaps,1102,5520,0.6840772048186434,True
comoe_xcodec,echoes,sonics,2500,2500,0.9829506400000001,False
comoe_xcodec,echoes,music8k,1102,3614,0.6848805612776288,False
comoe_xcodec,fakemusiccaps,artifactbench,862,1404,0.7912113880791375,True
comoe_xcodec,fakemusiccaps,echoes,59,742,0.70980857965188,True
comoe_xcodec,fakemusiccaps,sonics,2500,2500,0.99613648,False
comoe_xcodec,fakemusiccaps,music8k,1102,3614,0.5640785431127386,False
comoe_xcodec,sonics,artifactbench,670,1258,0.6691526469401798,True
comoe_xcodec,sonics,echoes,59,742,0.7065192562474303,True
comoe_xcodec,sonics,fakemusiccaps,1102,5520,0.6766369282464031,True
comoe_xcodec,sonics,music8k,1102,3614,0.4647825506173311,False
clam,artifactbench,echoes,59,742,0.8179679290968066,True
clam,artifactbench,fakemusiccaps,1102,5520,0.7004254451721508,True
clam,artifactbench,sonics,2500,2500,0.93766448,False
clam,artifactbench,music8k,1102,3614,0.6589668932172424,False
clam,echoes,artifactbench,862,1404,0.7136380312134373,True
clam,echoes,fakemusiccaps,1102,5520,0.6063009613614245,True
clam,echoes,sonics,2500,2500,0.6749925600000001,False
clam,echoes,music8k,1102,3614,0.623354980681098,False
clam,fakemusiccaps,artifactbench,862,1404,0.8403261149780872,True
clam,fakemusiccaps,echoes,59,742,0.8157750468271734,True
clam,fakemusiccaps,sonics,2500,2500,0.93052224,False
clam,fakemusiccaps,music8k,1102,3614,0.4911784379560431,False
clam,sonics,artifactbench,670,1258,0.7565443845953065,True
clam,sonics,echoes,59,742,0.6983187902599479,True
clam,sonics,fakemusiccaps,1102,5520,0.645525099292459,True
clam,sonics,music8k,1102,3614,0.5779018276374294,False
specttra,artifactbench,echoes,59,742,0.8010644616017177,True
specttra,artifactbench,fakemusiccaps,1102,5520,0.69543657447592,True
specttra,artifactbench,sonics,2500,2500,0.98433176,False
specttra,artifactbench,music8k,1102,3614,0.6491988455863816,False
specttra,echoes,artifactbench,862,1404,0.7541900503037394,True
specttra,echoes,fakemusiccaps,1102,5520,0.6161842598437623,True
specttra,echoes,sonics,2500,2500,0.7939113600000001,False
specttra,echoes,music8k,1102,3614,0.6679667295062457,False
specttra,fakemusiccaps,artifactbench,862,1404,0.7630039462986098,True
specttra,fakemusiccaps,echoes,59,742,0.793549271323496,True
specttra,fakemusiccaps,sonics,2500,2500,0.9620528800000001,False
specttra,fakemusiccaps,music8k,1102,3614,0.47407088987472595,False
specttra,sonics,artifactbench,670,1258,0.611853688631564,True
specttra,sonics,echoes,59,742,0.6997807117730367,True
specttra,sonics,fakemusiccaps,1102,5520,0.661757197059365,True
specttra,sonics,music8k,1102,3614,0.244702492926781,False
sofia_vag,artifactbench,echoes,59,742,0.7889807665950933,True
sofia_vag,artifactbench,fakemusiccaps,1102,5520,0.7587133242589232,True
sofia_vag,artifactbench,sonics,2500,2500,0.9602452,False
sofia_vag,artifactbench,music8k,1102,3614,0.577248113557179,False
sofia_vag,echoes,artifactbench,864,1405,0.8632772340846184,True
sofia_vag,echoes,fakemusiccaps,1102,5520,0.8020774974354927,True
sofia_vag,echoes,sonics,2500,2500,0.9743061599999999,False
sofia_vag,echoes,music8k,1102,3614,0.8130048801946854,False
sofia_vag,fakemusiccaps,artifactbench,864,1405,0.8395944543297746,True
sofia_vag,fakemusiccaps,echoes,59,742,0.8371099639088126,True
sofia_vag,fakemusiccaps,sonics,2500,2500,0.91742664,False
sofia_vag,fakemusiccaps,music8k,1102,3614,0.5862764486163408,False
sofia_vag,sonics,artifactbench,672,1259,0.7199047808162186,True
sofia_vag,sonics,echoes,59,742,0.6207455799716752,True
sofia_vag,sonics,fakemusiccaps,1102,5520,0.5359939273784161,True
sofia_vag,sonics,music8k,1102,3614,0.33552807342287555,False
musicdet,artifactbench,echoes,59,742,0.6630042487093974,True
musicdet,artifactbench,fakemusiccaps,1102,5520,0.503012556221889,True
musicdet,artifactbench,sonics,2500,2500,0.8325835199999999,False
musicdet,artifactbench,music8k,1102,3614,0.6206818713673484,False
musicdet,echoes,artifactbench,862,1404,0.7279706308128582,True
musicdet,echoes,fakemusiccaps,1102,5520,0.5383619867697731,True
musicdet,echoes,sonics,2500,2500,0.8835476,False
musicdet,echoes,music8k,1102,3614,0.5704433102966182,False
musicdet,fakemusiccaps,artifactbench,862,1404,0.6668889351603968,True
musicdet,fakemusiccaps,echoes,59,742,0.6692174151400245,True
musicdet,fakemusiccaps,sonics,2500,2500,0.75905512,False
musicdet,fakemusiccaps,music8k,1102,3614,0.7180789920625276,False
musicdet,sonics,artifactbench,670,1258,0.6883058870986878,True
musicdet,sonics,echoes,59,742,0.7091004614189775,True
musicdet,sonics,fakemusiccaps,1102,5520,0.517774172124464,True
musicdet,sonics,music8k,1102,3614,0.6081480620334111,False
clam_released,mom,artifactbench,862,1404,0.9446187888763296,True
clam_released,mom,echoes,59,742,0.8984878249348989,True
clam_released,mom,fakemusiccaps,1102,5520,0.7150852205476209,True
clam_released,mom,sonics,2500,2500,0.9816824000000001,False
clam_released,mom,music8k,1102,3614,0.7386007430269661,False
sofia_vag_released,sonics,artifactbench,672,1259,0.8926089299897879,True
sofia_vag_released,sonics,echoes,59,742,0.8384348302800494,True
sofia_vag_released,sonics,fakemusiccaps,1102,5520,0.7657427865014862,True
sofia_vag_released,sonics,music8k,1102,3614,0.8089223999831268,False
specttra_released,sonics,artifactbench,672,1259,0.7523710238662582,True
specttra_released,sonics,echoes,59,742,0.6147151537301841,True
specttra_released,sonics,fakemusiccaps,1102,5520,0.5564305018543361,True
specttra_released,sonics,music8k,1102,3614,0.6392803947544184,False
handcrafted,artifactbench,echoes,59,742,0.797523870437206,True
handcrafted,artifactbench,fakemusiccaps,1102,5520,0.7331319537599621,True
handcrafted,artifactbench,sonics,6882,12778,0.9205291748309233,False
handcrafted,artifactbench,music8k,1102,3614,0.6340200490731245,False
handcrafted,echoes,artifactbench,864,1405,0.8574617767233426,True
handcrafted,echoes,fakemusiccaps,1102,5520,0.7208902127883428,True
handcrafted,echoes,sonics,6882,12778,0.8859378011347878,False
handcrafted,echoes,music8k,1102,3614,0.6347693030832907,False
handcrafted,fakemusiccaps,artifactbench,864,1405,0.8583984117569525,True
handcrafted,fakemusiccaps,echoes,59,742,0.7907396409155284,True
handcrafted,fakemusiccaps,sonics,6882,12778,0.8788558273358258,False
handcrafted,fakemusiccaps,music8k,1102,3614,0.697377962491099,False
handcrafted,sonics,artifactbench,672,1259,0.6929606830818109,True
handcrafted,sonics,echoes,59,742,0.6330805427383617,True
handcrafted,sonics,fakemusiccaps,1102,5520,0.5734892422209947,True
handcrafted,sonics,music8k,1102,3614,0.4454360286725248,False
