system,trainer,target,carried_fpr,carried_tpr,paired_carried_fpr,paired_carried_tpr,recalibrated_fpr,recalibrated_tpr,n_human_test
fixed_fusion,artifactbench,echoes,0.0847457627118644,,,,,,
fixed_fusion,artifactbench,fakemusiccaps,0.11705989110707804,,0.11751662971175167,0.8813405797101449,0.03991130820399113,0.7713768115942029,902.0
fixed_fusion,artifactbench,sonics,,,,,,,
fixed_fusion,artifactbench,music8k,0.11705989110707804,,,,,,
fixed_fusion,echoes,artifactbench,0.07540603248259861,,0.07401812688821752,0.7692307692307693,0.03172205438066465,0.7051282051282052,662.0
fixed_fusion,echoes,fakemusiccaps,0.10072595281306715,,0.09534368070953436,0.8690217391304348,0.036585365853658534,0.7380434782608696,902.0
fixed_fusion,echoes,sonics,,,,,,,
fixed_fusion,echoes,music8k,0.10072595281306715,,,,,,
fixed_fusion,fakemusiccaps,artifactbench,0.05336426914153132,,0.04984894259818731,0.6673789173789174,0.04229607250755287,0.6566951566951567,662.0
fixed_fusion,fakemusiccaps,echoes,0.1016949152542373,,,,,,
fixed_fusion,fakemusiccaps,sonics,,,,,,,
fixed_fusion,fakemusiccaps,music8k,0.04900181488203267,,,,,,
fixed_fusion,sonics,artifactbench,0.08208955223880597,,0.09148936170212765,0.6311605723370429,0.08297872340425531,0.6184419713831478,470.0
fixed_fusion,sonics,echoes,0.06779661016949153,,,,,,
fixed_fusion,sonics,fakemusiccaps,0.11887477313974591,,0.12416851441241686,0.6327898550724638,0.0565410199556541,0.47192028985507245,902.0
fixed_fusion,sonics,music8k,0.11887477313974591,,,,,,
learned_fusion,artifactbench,echoes,0.1016949152542373,,,,,,
learned_fusion,artifactbench,fakemusiccaps,0.1506352087114337,,0.1518847006651884,0.9514492753623188,0.041019955654102,0.8309782608695652,
learned_fusion,artifactbench,sonics,,,,,,,
learned_fusion,artifactbench,music8k,0.1506352087114337,,,,,,
learned_fusion,echoes,artifactbench,0.0104408352668213,,0.0060422960725075,0.6438746438746439,0.0483383685800604,0.7336182336182336,
learned_fusion,echoes,fakemusiccaps,0.013611615245009,,0.0133037694013303,0.8648550724637681,0.0609756097560975,0.9472826086956522,
learned_fusion,echoes,sonics,,,,,,,
learned_fusion,echoes,music8k,0.013611615245009,,,,,,
learned_fusion,fakemusiccaps,artifactbench,0.0243619489559164,,0.0241691842900302,0.5833333333333334,0.0302114803625377,0.6011396011396012,
learned_fusion,fakemusiccaps,echoes,0.0847457627118644,,,,,,
learned_fusion,fakemusiccaps,sonics,,,,,,,
learned_fusion,fakemusiccaps,music8k,0.0490018148820326,,,,,,
learned_fusion,sonics,artifactbench,0.0671641791044776,,0.0638297872340425,0.7980922098569158,0.0404255319148936,0.7647058823529411,
learned_fusion,sonics,echoes,0.1186440677966101,,,,,,
learned_fusion,sonics,fakemusiccaps,0.1533575317604355,,0.1563192904656319,0.9117753623188406,0.0543237250554323,0.7813405797101449,
learned_fusion,sonics,music8k,0.1533575317604355,,,,,,
three_support,artifactbench,echoes,0.0508,0.7278,,,,,
three_support,artifactbench,fakemusiccaps,0.0771,0.7959,0.082039911308204,0.7958333333333333,0.07095343680709534,0.7846014492753624,902.0
three_support,artifactbench,sonics,0.0369,0.9837000000000001,,,,,
three_support,artifactbench,music8k,0.0771,0.6988999999999999,,,,,
three_support,echoes,artifactbench,0.0069,0.5358999999999999,0.009036144578313253,0.5359430604982206,0.0572289156626506,0.6761565836298933,664.0
three_support,echoes,fakemusiccaps,0.0073,0.8075,0.008869179600886918,0.807427536231884,0.07206208425720621,0.9291666666666667,902.0
three_support,echoes,sonics,0.0045,0.4830999999999999,,,,,
three_support,echoes,music8k,0.0073,0.6370999999999999,,,,,
three_support,fakemusiccaps,artifactbench,0.0486,0.6341999999999999,0.04969879518072289,0.6341637010676157,0.05271084337349398,0.6355871886120996,664.0
three_support,fakemusiccaps,echoes,0.0678,0.7857999999999999,,,,,
three_support,fakemusiccaps,sonics,0.0533,0.5460999999999999,,,,,
three_support,fakemusiccaps,music8k,0.049,0.7066,,,,,
three_support,sonics,artifactbench,0.0551,0.7291,0.0635593220338983,0.7291501191421763,0.06991525423728813,0.744241461477363,472.0
three_support,sonics,echoes,0.1017,0.5013,,,,,
three_support,sonics,fakemusiccaps,0.0708,0.7212000000000001,0.07649667405764966,0.721195652173913,0.082039911308204,0.7239130434782609,902.0
three_support,sonics,music8k,0.0708,0.6736,,,,,
single_support,artifactbench,echoes,0.0339,0.5027000000000001,,,,,
single_support,artifactbench,fakemusiccaps,0.0554,0.5648000000000001,0.0565410199556541,0.5646739130434782,0.05432372505543237,0.5606884057971014,902.0
single_support,artifactbench,sonics,0.0288,0.8816,,,,,
single_support,artifactbench,music8k,0.0554,0.5592,,,,,
single_support,echoes,artifactbench,0.0093,0.43990000000000007,0.007530120481927711,0.4398576512455516,0.03765060240963856,0.5644128113879003,664.0
single_support,echoes,fakemusiccaps,0.0136,0.723,0.015521064301552107,0.7230072463768116,0.045454545454545456,0.7907608695652174,902.0
single_support,echoes,sonics,0.0054,0.3864,,,,,
single_support,echoes,music8k,0.0136,0.5035999999999999,,,,,
single_support,fakemusiccaps,artifactbench,0.0625,0.5879000000000001,0.061746987951807226,0.5879003558718862,0.022590361445783132,0.5395017793594306,664.0
single_support,fakemusiccaps,echoes,0.1695,0.6793,,,,,
single_support,fakemusiccaps,sonics,0.0548,0.5242,,,,,
single_support,fakemusiccaps,music8k,0.049,0.632,,,,,
single_support,sonics,artifactbench,0.0521,0.6847000000000001,0.0614406779661017,0.6846703733121525,0.07203389830508475,0.704527402700556,472.0
single_support,sonics,echoes,0.0508,0.3828000000000001,,,,,
single_support,sonics,fakemusiccaps,0.0672,0.5236,0.07206208425720621,0.5235507246376812,0.08869179600886919,0.5585144927536232,902.0
single_support,sonics,music8k,0.0672,0.5274,,,,,
fingerprint,artifactbench,echoes,0.0508,0.5498000000000001,,,,,
fingerprint,artifactbench,fakemusiccaps,0.0635,0.5629000000000001,0.06097560975609756,0.5628623188405797,0.03436807095343681,0.46268115942028987,902.0
fingerprint,artifactbench,sonics,0.0413,0.7740999999999999,,,,,
fingerprint,artifactbench,music8k,0.0635,0.3597,,,,,
fingerprint,echoes,artifactbench,0.0741,0.5253000000000001,0.07981927710843373,0.5252669039145907,0.061746987951807226,0.4790035587188612,664.0
fingerprint,echoes,fakemusiccaps,0.1053,0.5683,0.10199556541019955,0.5682971014492754,0.03991130820399113,0.3693840579710145,902.0
fingerprint,echoes,sonics,0.0821,0.7253000000000001,,,,,
fingerprint,echoes,music8k,0.1053,0.3662999999999999,,,,,
fingerprint,fakemusiccaps,artifactbench,0.0266,0.5735999999999999,0.0286144578313253,0.5736654804270462,0.05421686746987952,0.6199288256227758,664.0
fingerprint,fakemusiccaps,echoes,0.0169,0.7035000000000001,,,,,
fingerprint,fakemusiccaps,sonics,0.04,0.49059999999999987,,,,,
fingerprint,fakemusiccaps,music8k,0.049,0.6558,,,,,
fingerprint,sonics,artifactbench,0.058,0.328,0.0614406779661017,0.32803812549642575,0.046610169491525424,0.3129467831612391,472.0
fingerprint,sonics,echoes,0.0678,0.3814000000000001,,,,,
fingerprint,sonics,fakemusiccaps,0.1452,0.28879999999999995,0.1419068736141907,0.288768115942029,0.04656319290465632,0.08931159420289855,902.0
fingerprint,sonics,music8k,0.1452,0.14380000000000004,,,,,
trajectory,artifactbench,echoes,0.13559322033898305,,,,,,
trajectory,artifactbench,fakemusiccaps,0.2558983666061706,,0.26496674057649666,0.8297101449275363,0.06984478935698447,0.47282608695652173,902.0
trajectory,artifactbench,sonics,,,,,,,
trajectory,artifactbench,music8k,0.2558983666061706,,,,,,
trajectory,echoes,artifactbench,0.04060324825986079,,0.03474320241691843,0.5968660968660968,0.0256797583081571,0.5527065527065527,662.0
trajectory,echoes,fakemusiccaps,0.2749546279491833,,0.26718403547671843,0.7005434782608696,0.06430155210643015,0.19293478260869565,902.0
trajectory,echoes,sonics,,,,,,,
trajectory,echoes,music8k,0.2749546279491833,,,,,,
trajectory,fakemusiccaps,artifactbench,0.0069605568445475635,,0.0075528700906344415,0.2215099715099715,0.04380664652567976,0.4779202279202279,662.0
trajectory,fakemusiccaps,echoes,0.0,,,,,,
trajectory,fakemusiccaps,sonics,,,,,,,
trajectory,fakemusiccaps,music8k,0.04900181488203267,,,,,,
trajectory,sonics,artifactbench,0.034328358208955224,,0.031914893617021274,0.5166931637519873,0.04680851063829787,0.5381558028616852,470.0
trajectory,sonics,echoes,0.05084745762711865,,,,,,
trajectory,sonics,fakemusiccaps,0.14609800362976408,,0.15188470066518847,0.5193840579710145,0.06430155210643015,0.2914855072463768,902.0
trajectory,sonics,music8k,0.14609800362976408,,,,,,
mean_pooling,artifactbench,echoes,0.1186,0.8504,,,,,
mean_pooling,artifactbench,fakemusiccaps,0.2559,0.8773,0.2638580931263858,0.8773550724637681,0.03436807095343681,0.4568840579710145,902.0
mean_pooling,artifactbench,sonics,0.0324,1.0,,,,,
mean_pooling,artifactbench,music8k,0.2559,0.8497000000000001,,,,,
mean_pooling,echoes,artifactbench,0.1782,0.8370000000000001,0.17018072289156627,0.8370106761565836,0.030120481927710843,0.6256227758007118,664.0
mean_pooling,echoes,fakemusiccaps,0.3294,0.8278,0.328159645232816,0.8277173913043478,0.04878048780487805,0.302536231884058,902.0
mean_pooling,echoes,sonics,0.1764,0.9988,,,,,
mean_pooling,echoes,music8k,0.3294,0.9451999999999999,,,,,
mean_pooling,fakemusiccaps,artifactbench,0.0336,0.3110000000000001,0.025602409638554216,0.31103202846975087,0.022590361445783132,0.2868327402135231,664.0
mean_pooling,fakemusiccaps,echoes,0.1017,0.6079,,,,,
mean_pooling,fakemusiccaps,sonics,0.0108,0.32280000000000003,,,,,
mean_pooling,fakemusiccaps,music8k,0.049,0.10959999999999999,,,,,
mean_pooling,sonics,artifactbench,0.0759,0.6077,0.07838983050847458,0.607625099285147,0.04449152542372881,0.5528196981731534,472.0
mean_pooling,sonics,echoes,0.0678,0.5767999999999999,,,,,
mean_pooling,sonics,fakemusiccaps,0.196,0.8069999999999999,0.20288248337028825,0.8070652173913043,0.03436807095343681,0.36829710144927535,902.0
mean_pooling,sonics,music8k,0.196,0.14720000000000005,,,,,
attention_pooling,artifactbench,echoes,0.1017,0.8733000000000001,,,,,
attention_pooling,artifactbench,fakemusiccaps,0.2377,0.8651,0.25055432372505543,0.8652173913043478,0.04988913525498891,0.5320652173913043,902.0
attention_pooling,artifactbench,sonics,0.0332,1.0,,,,,
attention_pooling,artifactbench,music8k,0.2377,0.9069,,,,,
attention_pooling,echoes,artifactbench,0.2558,0.8868,0.23795180722891565,0.8868327402135231,0.02108433734939759,0.5886120996441281,664.0
attention_pooling,echoes,fakemusiccaps,0.3775,0.8942999999999999,0.3802660753880266,0.8942028985507247,0.043237250554323724,0.3302536231884058,902.0
attention_pooling,echoes,sonics,0.2552,0.9984000000000001,,,,,
attention_pooling,echoes,music8k,0.3775,0.9633,,,,,
attention_pooling,fakemusiccaps,artifactbench,0.0185,0.3323000000000001,0.010542168674698794,0.3323843416370107,0.024096385542168676,0.3708185053380783,664.0
attention_pooling,fakemusiccaps,echoes,0.0508,0.593,,,,,
attention_pooling,fakemusiccaps,sonics,0.0064,0.4447999999999999,,,,,
attention_pooling,fakemusiccaps,music8k,0.049,0.09320000000000002,,,,,
attention_pooling,sonics,artifactbench,0.0625,0.6045,0.0635593220338983,0.6044479745830024,0.05508474576271186,0.5845909451945989,472.0
attention_pooling,sonics,echoes,0.0847,0.6091,,,,,
attention_pooling,sonics,fakemusiccaps,0.1425,0.6743,0.14079822616407983,0.6742753623188406,0.03325942350332594,0.35489130434782606,902.0
attention_pooling,sonics,music8k,0.1425,0.15190000000000006,,,,,
fst_mert,artifactbench,echoes,0.1356,0.7735999999999998,,,,,
fst_mert,artifactbench,fakemusiccaps,0.3494,0.7627999999999999,0.360310421286031,0.7626811594202898,0.04988913525498891,0.26068840579710145,902.0
fst_mert,artifactbench,sonics,0.046,0.9208000000000001,,,,,
fst_mert,artifactbench,music8k,0.3494,0.9125999999999999,,,,,
fst_mert,echoes,artifactbench,0.0231,0.5400999999999999,0.022590361445783132,0.5402135231316726,0.0391566265060241,0.6462633451957296,664.0
fst_mert,echoes,fakemusiccaps,0.1751,0.4125000000000001,0.17516629711751663,0.4125,0.03547671840354767,0.08333333333333333,902.0
fst_mert,echoes,sonics,0.0836,0.7148,,,,,
fst_mert,echoes,music8k,0.1751,0.7863,,,,,
fst_mert,fakemusiccaps,artifactbench,0.0046,0.16360000000000002,0.006024096385542169,0.16370106761565836,0.0572289156626506,0.5188612099644128,664.0
fst_mert,fakemusiccaps,echoes,0.0169,0.28169999999999995,,,,,
fst_mert,fakemusiccaps,sonics,0.0032,0.2292,,,,,
fst_mert,fakemusiccaps,music8k,0.049,0.09359999999999997,,,,,
fst_mert,sonics,artifactbench,0.3125,0.7537,0.3093220338983051,0.7537728355837967,0.07415254237288135,0.4011119936457506,472.0
fst_mert,sonics,echoes,0.1186,0.7142,,,,,
fst_mert,sonics,fakemusiccaps,0.373,0.6936,0.3780487804878049,0.6934782608695652,0.037694013303769404,0.19492753623188405,902.0
fst_mert,sonics,music8k,0.373,0.3216,,,,,
fst_muq_frozen,artifactbench,echoes,0.1864,0.8692000000000001,,,,,
fst_muq_frozen,artifactbench,fakemusiccaps,0.2849,0.8130999999999999,0.2982261640798226,0.8132246376811594,0.058758314855875834,0.4358695652173913,902.0
fst_muq_frozen,artifactbench,sonics,0.0576,0.9999999999999999,,,,,
fst_muq_frozen,artifactbench,music8k,0.2849,0.7996999999999999,,,,,
fst_muq_frozen,echoes,artifactbench,0.1458,0.807,0.15210843373493976,0.80711743772242,0.07981927710843373,0.7451957295373666,664.0
fst_muq_frozen,echoes,fakemusiccaps,0.3811,0.8439000000000001,0.38802660753880264,0.8440217391304348,0.04988913525498891,0.2797101449275362,902.0
fst_muq_frozen,echoes,sonics,0.2052,0.968,,,,,
fst_muq_frozen,echoes,music8k,0.3811,0.9187000000000001,,,,,
fst_muq_frozen,fakemusiccaps,artifactbench,0.0116,0.2683999999999999,0.015060240963855422,0.2683274021352313,0.08433734939759036,0.504626334519573,664.0
fst_muq_frozen,fakemusiccaps,echoes,0.0339,0.4460999999999999,,,,,
fst_muq_frozen,fakemusiccaps,sonics,0.0044,0.3319999999999999,,,,,
fst_muq_frozen,fakemusiccaps,music8k,0.049,0.04919999999999998,,,,,
fst_muq_frozen,sonics,artifactbench,0.1369,0.5131000000000001,0.13559322033898305,0.5131056393963463,0.023305084745762712,0.28594122319301035,472.0
fst_muq_frozen,sonics,echoes,0.0847,0.5430999999999999,,,,,
fst_muq_frozen,sonics,fakemusiccaps,0.1633,0.4215,0.1541019955654102,0.42155797101449277,0.03325942350332594,0.16684782608695653,902.0
fst_muq_frozen,sonics,music8k,0.1633,0.06330000000000002,,,,,
muq_fst,artifactbench,echoes,0.1017,0.7601000000000001,,,,,
muq_fst,artifactbench,fakemusiccaps,0.2713,0.8249000000000001,0.2860310421286031,0.825,0.06984478935698447,0.5146739130434783,902.0
muq_fst,artifactbench,sonics,0.102,0.9972,,,,,
muq_fst,artifactbench,music8k,0.2713,0.8321,,,,,
muq_fst,echoes,artifactbench,0.0625,0.7075,0.06927710843373494,0.7074733096085409,0.07379518072289157,0.7153024911032029,664.0
muq_fst,echoes,fakemusiccaps,0.2514,0.7504000000000002,0.25277161862527714,0.7503623188405797,0.031042128603104215,0.25072463768115943,902.0
muq_fst,echoes,sonics,0.1352,0.9232,,,,,
muq_fst,echoes,music8k,0.2514,0.8486,,,,,
muq_fst,fakemusiccaps,artifactbench,0.0093,0.2221000000000001,0.012048192771084338,0.2220640569395018,0.07228915662650602,0.39786476868327403,664.0
muq_fst,fakemusiccaps,echoes,0.0169,0.47430000000000005,,,,,
muq_fst,fakemusiccaps,sonics,0.01,0.14080000000000004,,,,,
muq_fst,fakemusiccaps,music8k,0.049,0.04680000000000002,,,,,
muq_fst,sonics,artifactbench,0.1458,0.6664,0.1504237288135593,0.6664019062748213,0.04025423728813559,0.4749801429706116,472.0
muq_fst,sonics,echoes,0.1017,0.6590999999999999,,,,,
muq_fst,sonics,fakemusiccaps,0.2368,0.6678000000000001,0.24279379157427938,0.6679347826086957,0.045454545454545456,0.2759057971014493,902.0
muq_fst,sonics,music8k,0.2368,0.19940000000000002,,,,,
comoe_xcodec,artifactbench,echoes,0.1186,0.5310000000000001,,,,,
comoe_xcodec,artifactbench,fakemusiccaps,0.157,0.5030000000000001,0.16186252771618626,0.5030797101449276,0.06762749445676275,0.27445652173913043,902.0
comoe_xcodec,artifactbench,sonics,0.0332,0.914,,,,,
comoe_xcodec,artifactbench,music8k,0.1561,0.30890000000000006,,,,,
comoe_xcodec,echoes,artifactbench,0.065,0.5186,0.07099697885196375,0.5185185185185185,0.08006042296072508,0.5405982905982906,662.0
comoe_xcodec,echoes,fakemusiccaps,0.1697,0.4058999999999999,0.16851441241685144,0.40597826086956523,0.06097560975609756,0.23931159420289855,902.0
comoe_xcodec,echoes,sonics,0.0656,0.9316000000000001,,,,,
comoe_xcodec,echoes,music8k,0.1688,0.3167999999999999,,,,,
comoe_xcodec,fakemusiccaps,artifactbench,0.0278,0.3946,0.027190332326283987,0.3945868945868946,0.0513595166163142,0.45014245014245013,662.0
comoe_xcodec,fakemusiccaps,echoes,0.0339,0.40430000000000005,,,,,
comoe_xcodec,fakemusiccaps,sonics,0.0164,0.952,,,,,
comoe_xcodec,fakemusiccaps,music8k,0.049,0.05319999999999998,,,,,
comoe_xcodec,sonics,artifactbench,0.0672,0.3299999999999999,0.06170212765957447,0.3298887122416534,0.05319148936170213,0.30842607313195547,470.0
comoe_xcodec,sonics,echoes,0.0508,0.39219999999999994,,,,,
comoe_xcodec,sonics,fakemusiccaps,0.1706,0.505,0.17516629711751663,0.505072463768116,0.05543237250554324,0.33242753623188404,902.0
comoe_xcodec,sonics,music8k,0.1697,0.09249999999999994,,,,,
clam,artifactbench,echoes,0.1695,0.6213,,,,,
clam,artifactbench,fakemusiccaps,0.3675,0.6660999999999999,0.36585365853658536,0.6661231884057971,0.07095343680709534,0.1983695652173913,902.0
clam,artifactbench,sonics,0.1056,0.8128000000000001,,,,,
clam,artifactbench,music8k,0.2205,0.3859,,,,,
clam,echoes,artifactbench,0.1079,0.30910000000000004,0.11329305135951662,0.3091168091168091,0.04682779456193353,0.18447293447293447,662.0
clam,echoes,fakemusiccaps,0.2214,0.32400000000000007,0.21618625277161863,0.32409420289855073,0.045454545454545456,0.058876811594202896,902.0
clam,echoes,sonics,0.2112,0.37200000000000005,,,,,
clam,echoes,music8k,0.0808,0.13619999999999988,,,,,
clam,fakemusiccaps,artifactbench,0.0046,0.0961999999999999,0.006042296072507553,0.09615384615384616,0.04984894259818731,0.5163817663817664,662.0
clam,fakemusiccaps,echoes,0.0,0.24940000000000007,,,,,
clam,fakemusiccaps,sonics,0.0112,0.15600000000000003,,,,,
clam,fakemusiccaps,music8k,0.0281,0.016900000000000012,,,,,
clam,sonics,artifactbench,0.0179,0.32430000000000003,0.02127659574468085,0.32432432432432434,0.08936170212765958,0.5079491255961844,470.0
clam,sonics,echoes,0.0678,0.3356,,,,,
clam,sonics,fakemusiccaps,0.1261,0.40869999999999995,0.12749445676274945,0.40869565217391307,0.050997782705099776,0.27608695652173915,902.0
clam,sonics,music8k,0.1733,0.24649999999999994,,,,,
specttra,artifactbench,echoes,0.1186,0.5187999999999999,,,,,
specttra,artifactbench,fakemusiccaps,0.343,0.6119999999999999,0.34478935698447893,0.6119565217391304,0.025498891352549888,0.09094202898550724,902.0
specttra,artifactbench,sonics,0.1308,0.9823999999999999,,,,,
specttra,artifactbench,music8k,0.3421,0.5507,,,,,
specttra,echoes,artifactbench,0.0186,0.22160000000000007,0.019637462235649546,0.2215099715099715,0.06042296072507553,0.3418803418803419,662.0
specttra,echoes,fakemusiccaps,0.1706,0.3128000000000001,0.15853658536585366,0.3128623188405797,0.026607538802660754,0.07952898550724638,902.0
specttra,echoes,sonics,0.1272,0.51,,,,,
specttra,echoes,music8k,0.1706,0.3318,,,,,
specttra,fakemusiccaps,artifactbench,0.0012,0.2992,0.0015105740181268882,0.29914529914529914,0.055891238670694864,0.4886039886039886,662.0
specttra,fakemusiccaps,echoes,0.0339,0.2709000000000001,,,,,
specttra,fakemusiccaps,sonics,0.0184,0.6943999999999999,,,,,
specttra,fakemusiccaps,music8k,0.0463,0.06729999999999992,,,,,
specttra,sonics,artifactbench,0.0955,0.34730000000000005,0.09361702127659574,0.34737678855325915,0.04468085106382979,0.3004769475357711,470.0
specttra,sonics,echoes,0.0847,0.4527000000000001,,,,,
specttra,sonics,fakemusiccaps,0.1661,0.4173000000000001,0.17073170731707318,0.4172101449275362,0.052106430155210645,0.2634057971014493,902.0
specttra,sonics,music8k,0.1688,0.01820000000000005,,,,,
sofia_vag,artifactbench,echoes,0.1864,0.4311999999999999,,,,,
sofia_vag,artifactbench,fakemusiccaps,0.2831,0.6453000000000001,0.2915742793791574,0.6452898550724637,0.06762749445676275,0.1269927536231884,902.0
sofia_vag,artifactbench,sonics,0.0212,0.39039999999999997,,,,,
sofia_vag,artifactbench,music8k,0.2831,0.2409,,,,,
sofia_vag,echoes,artifactbench,0.0799,0.5986999999999999,0.07981927710843373,0.598576512455516,0.04819277108433735,0.5430604982206406,664.0
sofia_vag,echoes,fakemusiccaps,0.2241,0.6651,0.21951219512195122,0.6652173913043479,0.05432372505543237,0.2576086956521739,902.0
sofia_vag,echoes,sonics,0.0824,0.8832,,,,,
sofia_vag,echoes,music8k,0.2241,0.7228999999999999,,,,,
sofia_vag,fakemusiccaps,artifactbench,0.0197,0.24690000000000006,0.018072289156626505,0.24697508896797152,0.0391566265060241,0.3167259786476868,664.0
sofia_vag,fakemusiccaps,echoes,0.0508,0.5526,,,,,
sofia_vag,fakemusiccaps,sonics,0.002,0.10000000000000009,,,,,
sofia_vag,fakemusiccaps,music8k,0.049,0.07300000000000002,,,,,
sofia_vag,sonics,artifactbench,0.0774,0.3710000000000001,0.07838983050847458,0.3709293089753773,0.048728813559322036,0.3193010325655282,472.0
sofia_vag,sonics,echoes,0.2712,0.48919999999999997,,,,,
sofia_vag,sonics,fakemusiccaps,0.2967,0.36890000000000006,0.30598669623059865,0.36884057971014494,0.05543237250554324,0.08695652173913043,902.0
sofia_vag,sonics,music8k,0.2967,0.06850000000000006,,,,,
musicdet,artifactbench,echoes,0.1695,0.2291000000000001,,,,,
musicdet,artifactbench,fakemusiccaps,0.1624,0.1793999999999999,0.15964523281596452,0.1793478260869565,0.025498891352549888,0.04221014492753623,902.0
musicdet,artifactbench,sonics,0.0708,0.24000000000000002,,,,,
musicdet,artifactbench,music8k,0.1624,0.11699999999999999,,,,,
musicdet,echoes,artifactbench,0.0046,0.014200000000000053,0.006042296072507553,0.014245014245014245,0.06797583081570997,0.292022792022792,662.0
musicdet,echoes,fakemusiccaps,0.0209,0.023699999999999912,0.018847006651884702,0.023731884057971015,0.03436807095343681,0.04692028985507246,902.0
musicdet,echoes,sonics,0.0048,0.006400000000000045,,,,,
musicdet,echoes,music8k,0.0209,0.0027000000000000045,,,,,
musicdet,fakemusiccaps,artifactbench,0.0139,0.04269999999999993,0.013595166163141994,0.042735042735042736,0.061933534743202415,0.15384615384615385,662.0
musicdet,fakemusiccaps,echoes,0.0678,0.0767999999999999,,,,,
musicdet,fakemusiccaps,sonics,0.0204,0.033199999999999924,,,,,
musicdet,fakemusiccaps,music8k,0.049,0.07379999999999994,,,,,
musicdet,sonics,artifactbench,0.0388,0.1678,0.03404255319148936,0.16772655007949125,0.031914893617021274,0.15818759936406995,470.0
musicdet,sonics,echoes,0.1017,0.25070000000000003,,,,,
musicdet,sonics,fakemusiccaps,0.1525,0.18810000000000007,0.15077605321507762,0.18804347826086956,0.03547671840354767,0.05235507246376812,902.0
musicdet,sonics,music8k,0.1525,0.13290000000000005,,,,,
clam_released,mom,artifactbench,,,,,,,
clam_released,mom,echoes,,,,,,,
clam_released,mom,fakemusiccaps,,,,,,,
clam_released,mom,sonics,,,,,,,
clam_released,mom,music8k,,,,,,,
sofia_vag_released,sonics,artifactbench,0.0417,0.5839,,,,,
sofia_vag_released,sonics,echoes,0.0508,0.44059999999999994,,,,,
sofia_vag_released,sonics,fakemusiccaps,0.0917,0.33009999999999995,,,,,
sofia_vag_released,sonics,music8k,0.0917,0.5318999999999999,,,,,
specttra_released,sonics,artifactbench,,,,,,,
specttra_released,sonics,echoes,,,,,,,
specttra_released,sonics,fakemusiccaps,,,,,,,
specttra_released,sonics,music8k,,,,,,,
handcrafted,artifactbench,echoes,0.1017,0.38950000000000007,,,,,
handcrafted,artifactbench,fakemusiccaps,0.2042,0.47780000000000006,,,,,
handcrafted,artifactbench,sonics,0.0292,0.4997999999999999,,,,,
handcrafted,artifactbench,music8k,0.2042,0.22160000000000007,,,,,
handcrafted,echoes,artifactbench,0.0197,0.18230000000000007,,,,,
handcrafted,echoes,fakemusiccaps,0.1298,0.3106000000000001,,,,,
handcrafted,echoes,sonics,0.0089,0.18810000000000002,,,,,
handcrafted,echoes,music8k,0.1298,0.06039999999999998,,,,,
handcrafted,fakemusiccaps,artifactbench,0.0127,0.20429999999999998,,,,,
handcrafted,fakemusiccaps,echoes,0.0339,0.21029999999999988,,,,,
handcrafted,fakemusiccaps,sonics,0.0081,0.2830999999999999,,,,,
handcrafted,fakemusiccaps,music8k,0.049,0.060800000000000035,,,,,
handcrafted,sonics,artifactbench,0.0774,0.3598,,,,,
handcrafted,sonics,echoes,0.1017,0.3841,,,,,
handcrafted,sonics,fakemusiccaps,0.2477,0.3292999999999999,,,,,
handcrafted,sonics,music8k,0.2477,0.0905,,,,,
