system,condition,target,n_human,n_generated,auroc
trajectory,artifactbench__base,artifactbench,860,1404,0.9225592990127875
trajectory,echoes__base,echoes,59,742,0.9145689615788752
trajectory,fakemusiccaps__base,fakemusiccaps,1102,5520,0.8861921013177622
trajectory,artifactbench__without_Suno,artifactbench,860,1404,0.9055141456304246
trajectory,artifactbench__count_control_Suno,artifactbench,860,1404,0.9206014377526005
trajectory,artifactbench__without_Udio,artifactbench,860,1404,0.9046909163188233
trajectory,artifactbench__count_control_Udio,artifactbench,860,1404,0.9192647253693765
trajectory,artifactbench__without_MusicGen,artifactbench,860,1404,0.9209095275955741
trajectory,artifactbench__count_control_MusicGen,artifactbench,860,1404,0.9244343404227124
trajectory,echoes__without_Suno,echoes,59,742,0.8985563525058249
trajectory,echoes__count_control_Suno,echoes,59,742,0.9119877564073279
trajectory,echoes__without_Udio,echoes,59,742,0.9149572844807894
trajectory,echoes__count_control_Udio,echoes,59,742,0.9124902919274523
trajectory,fakemusiccaps__without_MusicGen,fakemusiccaps,1102,5520,0.8815874957258213
trajectory,fakemusiccaps__count_control_MusicGen,fakemusiccaps,1102,5520,0.8859216773192351
trajectory,artifactbench__without_StableAudio,artifactbench,860,1404,0.9183603326045185
trajectory,artifactbench__count_control_StableAudio,artifactbench,860,1404,0.9239738620552573
trajectory,artifactbench__without_DiffRhythm,artifactbench,860,1404,0.9224930431325781
trajectory,artifactbench__count_control_DiffRhythm,artifactbench,860,1404,0.9202171536473862
trajectory,echoes__without_StableAudio,echoes,59,742,0.927429302389328
trajectory,echoes__count_control_StableAudio,echoes,59,742,0.9137694732514048
trajectory,echoes__without_AudioLDM,echoes,59,742,0.9153456073827038
trajectory,echoes__count_control_AudioLDM,echoes,59,742,0.91609941066289
trajectory,echoes__without_DiffRhythm,echoes,59,742,0.9142491662478871
trajectory,echoes__count_control_DiffRhythm,echoes,59,742,0.9141349536296771
trajectory,fakemusiccaps__without_StableAudio,fakemusiccaps,1102,5520,0.8738198335043005
trajectory,fakemusiccaps__count_control_StableAudio,fakemusiccaps,1102,5520,0.885219725663484
trajectory,fakemusiccaps__without_AudioLDM,fakemusiccaps,1102,5520,0.8800913687892895
trajectory,fakemusiccaps__count_control_AudioLDM,fakemusiccaps,1102,5520,0.8853139219863752
trajectory,artifactbench__fmc_fit_only,artifactbench,860,1404,0.8282125819916518
trajectory_centred,artifactbench__base,artifactbench,860,1404,0.8890073212747631
trajectory_centred,echoes__base,echoes,59,742,0.8788660971264104
trajectory_centred,fakemusiccaps__base,fakemusiccaps,1102,5520,0.8861921013177622
trajectory_centred,artifactbench__without_Suno,artifactbench,860,1404,0.8712697939442126
trajectory_centred,artifactbench__count_control_Suno,artifactbench,860,1404,0.8865591665010271
trajectory_centred,artifactbench__without_Udio,artifactbench,860,1404,0.8732019810508183
trajectory_centred,artifactbench__count_control_Udio,artifactbench,860,1404,0.8847959318889551
trajectory_centred,artifactbench__without_MusicGen,artifactbench,860,1404,0.8867479957596237
trajectory_centred,artifactbench__count_control_MusicGen,artifactbench,860,1404,0.8904450738753064
trajectory_centred,echoes__without_Suno,echoes,59,742,0.8609575585910731
trajectory_centred,echoes__count_control_Suno,echoes,59,742,0.8741605372561562
trajectory_centred,echoes__without_Udio,echoes,59,742,0.8760336241948011
trajectory_centred,echoes__count_control_Udio,echoes,59,742,0.8759650966238749
trajectory_centred,fakemusiccaps__without_MusicGen,fakemusiccaps,1102,5520,0.8815874957258213
trajectory_centred,fakemusiccaps__count_control_MusicGen,fakemusiccaps,1102,5520,0.8859216773192351
trajectory_centred,artifactbench__without_StableAudio,artifactbench,860,1404,0.8884159875438946
trajectory_centred,artifactbench__count_control_StableAudio,artifactbench,860,1404,0.8900964023057047
trajectory_centred,artifactbench__without_DiffRhythm,artifactbench,860,1404,0.8888110382296428
trajectory_centred,artifactbench__count_control_DiffRhythm,artifactbench,860,1404,0.8868316438083881
trajectory_centred,echoes__without_StableAudio,echoes,59,742,0.8985335099821827
trajectory_centred,echoes__count_control_StableAudio,echoes,59,742,0.8777924985152361
trajectory_centred,echoes__without_AudioLDM,echoes,59,742,0.8776097583260999
trajectory_centred,echoes__count_control_AudioLDM,echoes,59,742,0.881630042487094
trajectory_centred,echoes__without_DiffRhythm,echoes,59,742,0.8784320891772123
trajectory_centred,echoes__count_control_DiffRhythm,echoes,59,742,0.8785919868427063
trajectory_centred,fakemusiccaps__without_StableAudio,fakemusiccaps,1102,5520,0.8738198335043005
trajectory_centred,fakemusiccaps__count_control_StableAudio,fakemusiccaps,1102,5520,0.885219725663484
trajectory_centred,fakemusiccaps__without_AudioLDM,fakemusiccaps,1102,5520,0.8800913687892895
trajectory_centred,fakemusiccaps__count_control_AudioLDM,fakemusiccaps,1102,5520,0.8853139219863752
trajectory_centred,artifactbench__fmc_fit_only,artifactbench,860,1404,0.798239249983436
fingerprint,artifactbench__base,artifactbench,860,1404,0.8972835089114158
fingerprint,echoes__base,echoes,59,742,0.9074420942025675
fingerprint,fakemusiccaps__base,fakemusiccaps,1102,5520,0.9157689247481522
fingerprint,artifactbench__without_Suno,artifactbench,860,1404,0.8930133174319221
fingerprint,artifactbench__count_control_Suno,artifactbench,860,1404,0.8971758431060757
fingerprint,artifactbench__without_Udio,artifactbench,860,1404,0.8699711786921089
fingerprint,artifactbench__count_control_Udio,artifactbench,860,1404,0.8966118399257934
fingerprint,artifactbench__without_MusicGen,artifactbench,860,1404,0.895213012654873
fingerprint,artifactbench__count_control_MusicGen,artifactbench,860,1404,0.8992140396210164
fingerprint,echoes__without_Suno,echoes,59,742,0.8992873132623692
fingerprint,echoes__count_control_Suno,echoes,59,742,0.900794919822742
fingerprint,echoes__without_Udio,echoes,59,742,0.914134953629677
fingerprint,echoes__count_control_Udio,echoes,59,742,0.9118963863127597
fingerprint,fakemusiccaps__without_MusicGen,fakemusiccaps,1102,5520,0.904262013729977
fingerprint,fakemusiccaps__count_control_MusicGen,fakemusiccaps,1102,5520,0.9100849246429417
fingerprint,artifactbench__without_StableAudio,artifactbench,860,1404,0.8962399787981183
fingerprint,artifactbench__count_control_StableAudio,artifactbench,860,1404,0.9001002120188166
fingerprint,artifactbench__without_DiffRhythm,artifactbench,860,1404,0.8967385542966938
fingerprint,artifactbench__count_control_DiffRhythm,artifactbench,860,1404,0.897988305837143
fingerprint,echoes__without_StableAudio,echoes,59,742,0.8977568641783544
fingerprint,echoes__count_control_StableAudio,echoes,59,742,0.9129699849239344
fingerprint,echoes__without_AudioLDM,echoes,59,742,0.9060258577367629
fingerprint,echoes__count_control_AudioLDM,echoes,59,742,0.9085842203846681
fingerprint,echoes__without_DiffRhythm,echoes,59,742,0.9024167390013249
fingerprint,echoes__count_control_DiffRhythm,echoes,59,742,0.9067568184933072
fingerprint,fakemusiccaps__without_StableAudio,fakemusiccaps,1102,5520,0.9146967634603751
fingerprint,fakemusiccaps__count_control_StableAudio,fakemusiccaps,1102,5520,0.919523133170257
fingerprint,fakemusiccaps__without_AudioLDM,fakemusiccaps,1102,5520,0.9216746889713039
fingerprint,fakemusiccaps__count_control_AudioLDM,fakemusiccaps,1102,5520,0.9178152699965807
fingerprint,artifactbench__fmc_fit_only,artifactbench,860,1404,0.8300867952030743
three_support,artifactbench__base,artifactbench,860,1404,0.9744691247598224
three_support,echoes__base,echoes,59,742,0.9286399561423546
three_support,fakemusiccaps__base,fakemusiccaps,1102,5520,0.9807956219258792
three_support,artifactbench__without_Suno,artifactbench,860,1404,0.9639886868084542
three_support,artifactbench__count_control_Suno,artifactbench,860,1404,0.9675884516000794
three_support,artifactbench__without_Udio,artifactbench,860,1404,0.8341168091168092
three_support,artifactbench__count_control_Udio,artifactbench,860,1404,0.9624569336778638
three_support,artifactbench__without_MusicGen,artifactbench,860,1404,0.9779475584708142
three_support,artifactbench__count_control_MusicGen,artifactbench,860,1404,0.9775848075266681
three_support,echoes__without_Suno,echoes,59,742,0.9046324637945999
three_support,echoes__count_control_Suno,echoes,59,742,0.9261501210653754
three_support,echoes__without_Udio,echoes,59,742,0.9099776143268308
three_support,echoes__count_control_Udio,echoes,59,742,0.9335967837726712
three_support,fakemusiccaps__without_MusicGen,fakemusiccaps,1102,5520,0.9753845116915227
three_support,fakemusiccaps__count_control_MusicGen,fakemusiccaps,1102,5520,0.9809972480864831
three_support,artifactbench__without_StableAudio,artifactbench,860,1404,0.9628271384085338
three_support,artifactbench__count_control_StableAudio,artifactbench,860,1404,0.9744923143178956
three_support,artifactbench__without_DiffRhythm,artifactbench,860,1404,0.9766688199827736
three_support,artifactbench__count_control_DiffRhythm,artifactbench,860,1404,0.9761064731994964
three_support,echoes__without_StableAudio,echoes,59,742,0.9166704737539404
three_support,echoes__count_control_StableAudio,echoes,59,742,0.9397185801087304
three_support,echoes__without_AudioLDM,echoes,59,742,0.9233176481337658
three_support,echoes__count_control_AudioLDM,echoes,59,742,0.9303988304627895
three_support,echoes__without_DiffRhythm,echoes,59,742,0.9389419343049021
three_support,echoes__count_control_DiffRhythm,echoes,59,742,0.9361551464205766
three_support,fakemusiccaps__without_StableAudio,fakemusiccaps,1102,5520,0.9799948709855597
three_support,fakemusiccaps__count_control_StableAudio,fakemusiccaps,1102,5520,0.97789509850338
three_support,fakemusiccaps__without_AudioLDM,fakemusiccaps,1102,5520,0.9706552973513243
three_support,fakemusiccaps__count_control_AudioLDM,fakemusiccaps,1102,5520,0.9819856519108866
three_support,artifactbench__fmc_fit_only,artifactbench,860,1404,0.812422149340754
single_support,artifactbench__base,artifactbench,860,1404,0.943984794275492
single_support,echoes__base,echoes,59,742,0.9200968523002421
single_support,fakemusiccaps__base,fakemusiccaps,1102,5520,0.9717318972092901
single_support,artifactbench__without_Suno,artifactbench,860,1404,0.9321904193997217
single_support,artifactbench__count_control_Suno,artifactbench,860,1404,0.9447318293248526
single_support,artifactbench__without_Udio,artifactbench,860,1404,0.8266373484396741
single_support,artifactbench__count_control_Udio,artifactbench,860,1404,0.9341747830119922
single_support,artifactbench__without_MusicGen,artifactbench,860,1404,0.9482102630358445
single_support,artifactbench__count_control_MusicGen,artifactbench,860,1404,0.9474922149340753
single_support,echoes__without_Suno,echoes,59,742,0.906322810544109
single_support,echoes__count_control_Suno,echoes,59,742,0.9178811275069669
single_support,echoes__without_Udio,echoes,59,742,0.8944675407739048
single_support,echoes__count_control_Udio,echoes,59,742,0.9248937822650647
single_support,fakemusiccaps__without_MusicGen,fakemusiccaps,1102,5520,0.9692836147715616
single_support,fakemusiccaps__count_control_MusicGen,fakemusiccaps,1102,5520,0.972188083589784
single_support,artifactbench__without_StableAudio,artifactbench,860,1404,0.9389982110912344
single_support,artifactbench__count_control_StableAudio,artifactbench,860,1404,0.9478541376797192
single_support,artifactbench__without_DiffRhythm,artifactbench,860,1404,0.9434862187769164
single_support,artifactbench__count_control_DiffRhythm,artifactbench,860,1404,0.9441678261445702
single_support,echoes__without_StableAudio,echoes,59,742,0.8975512814655764
single_support,echoes__count_control_StableAudio,echoes,59,742,0.9145004340079492
single_support,echoes__without_AudioLDM,echoes,59,742,0.9044497236054639
single_support,echoes__count_control_AudioLDM,echoes,59,742,0.9129699849239343
single_support,echoes__without_DiffRhythm,echoes,59,742,0.9240486088903102
single_support,echoes__count_control_DiffRhythm,echoes,59,742,0.9074420942025676
single_support,fakemusiccaps__without_StableAudio,fakemusiccaps,1102,5520,0.9733169599410821
single_support,fakemusiccaps__count_control_StableAudio,fakemusiccaps,1102,5520,0.9699176727425761
single_support,fakemusiccaps__without_AudioLDM,fakemusiccaps,1102,5520,0.954506957047792
single_support,fakemusiccaps__count_control_AudioLDM,fakemusiccaps,1102,5520,0.9698256135090351
single_support,artifactbench__fmc_fit_only,artifactbench,860,1404,0.8202030742728417
mean_pooling,artifactbench__base,artifactbench,860,1404,0.9433802093685815
mean_pooling,echoes__base,echoes,59,742,0.9366576819407008
mean_pooling,fakemusiccaps__base,fakemusiccaps,1102,5520,0.9541817906836058
mean_pooling,artifactbench__without_Suno,artifactbench,860,1404,0.9122540250447226
mean_pooling,artifactbench__count_control_Suno,artifactbench,860,1404,0.9403854435831179
mean_pooling,artifactbench__without_Udio,artifactbench,860,1404,0.9259739614390777
mean_pooling,artifactbench__count_control_Udio,artifactbench,860,1404,0.9387745974955277
mean_pooling,artifactbench__without_MusicGen,artifactbench,860,1404,0.9612398959782679
mean_pooling,artifactbench__count_control_MusicGen,artifactbench,860,1404,0.9458834393427417
mean_pooling,echoes__without_Suno,echoes,59,742,0.9404038558179908
mean_pooling,echoes__count_control_Suno,echoes,59,742,0.9623440997761432
mean_pooling,echoes__without_Udio,echoes,59,742,0.9319407008086253
mean_pooling,echoes__count_control_Udio,echoes,59,742,0.925647585545251
mean_pooling,fakemusiccaps__without_MusicGen,fakemusiccaps,1102,5520,0.9453796950209106
mean_pooling,fakemusiccaps__count_control_MusicGen,fakemusiccaps,1102,5520,0.9524994081906415
mean_pooling,artifactbench__without_StableAudio,artifactbench,860,1404,0.959655966342013
mean_pooling,artifactbench__count_control_StableAudio,artifactbench,860,1404,0.9507453786523555
mean_pooling,artifactbench__without_DiffRhythm,artifactbench,860,1404,0.9659751209169813
mean_pooling,artifactbench__count_control_DiffRhythm,artifactbench,860,1404,0.9500070396872723
mean_pooling,echoes__without_StableAudio,echoes,59,742,0.9479875736671387
mean_pooling,echoes__count_control_StableAudio,echoes,59,742,0.9519850153044908
mean_pooling,echoes__without_AudioLDM,echoes,59,742,0.9479533098816758
mean_pooling,echoes__count_control_AudioLDM,echoes,59,742,0.9559025081090959
mean_pooling,echoes__without_DiffRhythm,echoes,59,742,0.9306957832701356
mean_pooling,echoes__count_control_DiffRhythm,echoes,59,742,0.9328544017543059
mean_pooling,fakemusiccaps__without_StableAudio,fakemusiccaps,1102,5520,0.9364822522949051
mean_pooling,fakemusiccaps__count_control_StableAudio,fakemusiccaps,1102,5520,0.9615214596649043
mean_pooling,fakemusiccaps__without_AudioLDM,fakemusiccaps,1102,5520,0.948030672163918
mean_pooling,fakemusiccaps__count_control_AudioLDM,fakemusiccaps,1102,5520,0.9551208770614694
mean_pooling,artifactbench__fmc_fit_only,artifactbench,860,1404,0.7962586132644272
attention_pooling,artifactbench__base,artifactbench,860,1404,0.955264857881137
attention_pooling,echoes__base,echoes,59,742,0.9569190004111653
attention_pooling,fakemusiccaps__base,fakemusiccaps,1102,5520,0.9517518378968408
attention_pooling,artifactbench__without_Suno,artifactbench,860,1404,0.923568044788975
attention_pooling,artifactbench__count_control_Suno,artifactbench,860,1404,0.9564939044590207
attention_pooling,artifactbench__without_Udio,artifactbench,860,1404,0.9157299741602068
attention_pooling,artifactbench__count_control_Udio,artifactbench,860,1404,0.9545882197044988
attention_pooling,artifactbench__without_MusicGen,artifactbench,860,1404,0.9535136321473531
attention_pooling,artifactbench__count_control_MusicGen,artifactbench,860,1404,0.9610713575829855
attention_pooling,echoes__without_Suno,echoes,59,742,0.9422769427566358
attention_pooling,echoes__count_control_Suno,echoes,59,742,0.96559915939513
attention_pooling,echoes__without_Udio,echoes,59,742,0.9339394216273014
attention_pooling,echoes__count_control_Udio,echoes,59,742,0.9135296267531636
attention_pooling,fakemusiccaps__without_MusicGen,fakemusiccaps,1102,5520,0.9537914430942424
attention_pooling,fakemusiccaps__count_control_MusicGen,fakemusiccaps,1102,5520,0.9567536133249164
attention_pooling,artifactbench__without_StableAudio,artifactbench,860,1404,0.9449016100178891
attention_pooling,artifactbench__count_control_StableAudio,artifactbench,860,1404,0.9588310806334062
attention_pooling,artifactbench__without_DiffRhythm,artifactbench,860,1404,0.9472826807129132
attention_pooling,artifactbench__count_control_DiffRhythm,artifactbench,860,1404,0.9603417147021799
attention_pooling,echoes__without_StableAudio,echoes,59,742,0.9557197679199599
attention_pooling,echoes__count_control_StableAudio,echoes,59,742,0.9654278404678148
attention_pooling,echoes__without_AudioLDM,echoes,59,742,0.9542578464068708
attention_pooling,echoes__count_control_AudioLDM,echoes,59,742,0.9674494038101331
attention_pooling,echoes__without_DiffRhythm,echoes,59,742,0.9315752204303532
attention_pooling,echoes__count_control_DiffRhythm,echoes,59,742,0.9623212572525013
attention_pooling,fakemusiccaps__without_StableAudio,fakemusiccaps,1102,5520,0.9515430607064888
attention_pooling,fakemusiccaps__count_control_StableAudio,fakemusiccaps,1102,5520,0.9603443344117415
attention_pooling,fakemusiccaps__without_AudioLDM,fakemusiccaps,1102,5520,0.9430838034929903
attention_pooling,fakemusiccaps__count_control_AudioLDM,fakemusiccaps,1102,5520,0.9638005010652568
attention_pooling,artifactbench__fmc_fit_only,artifactbench,860,1404,0.7954453223348572
fixed_fusion,artifactbench__base,artifactbench,860,1404,0.9750848903465182
fixed_fusion,echoes__base,echoes,59,742,0.9508200465987481
fixed_fusion,fakemusiccaps__base,fakemusiccaps,1102,5520,0.9823296411005025
fixed_fusion,artifactbench__without_Suno,artifactbench,860,1404,0.9723530775856357
fixed_fusion,artifactbench__count_control_Suno,artifactbench,860,1404,0.9715265354800239
fixed_fusion,artifactbench__without_Udio,artifactbench,860,1404,0.9075378486715697
fixed_fusion,artifactbench__count_control_Udio,artifactbench,860,1404,0.9721315344861856
fixed_fusion,artifactbench__without_MusicGen,artifactbench,860,1404,0.9756430961372823
fixed_fusion,artifactbench__count_control_MusicGen,artifactbench,860,1404,0.9780386603061021
fixed_fusion,echoes__without_Suno,echoes,59,742,0.939227465850427
fixed_fusion,echoes__count_control_Suno,echoes,59,742,0.944424139978985
fixed_fusion,echoes__without_Udio,echoes,59,742,0.9392274658504272
fixed_fusion,echoes__count_control_Udio,echoes,59,742,0.9525789209191831
fixed_fusion,fakemusiccaps__without_MusicGen,fakemusiccaps,1102,5520,0.9792939056787398
fixed_fusion,fakemusiccaps__count_control_MusicGen,fakemusiccaps,1102,5520,0.9806414227096978
fixed_fusion,artifactbench__without_StableAudio,artifactbench,860,1404,0.972533210759955
fixed_fusion,artifactbench__count_control_StableAudio,artifactbench,860,1404,0.9762779102895383
fixed_fusion,artifactbench__without_DiffRhythm,artifactbench,860,1404,0.9756021003114027
fixed_fusion,artifactbench__count_control_DiffRhythm,artifactbench,860,1404,0.9748935764924137
fixed_fusion,echoes__without_StableAudio,echoes,59,742,0.9495979715839007
fixed_fusion,echoes__count_control_StableAudio,echoes,59,742,0.9530015076065603
fixed_fusion,echoes__without_AudioLDM,echoes,59,742,0.9435218602951254
fixed_fusion,echoes__count_control_AudioLDM,echoes,59,742,0.9492210699438074
fixed_fusion,echoes__without_DiffRhythm,echoes,59,742,0.9490040659692083
fixed_fusion,echoes__count_control_DiffRhythm,echoes,59,742,0.9484558454018001
fixed_fusion,fakemusiccaps__without_StableAudio,fakemusiccaps,1102,5520,0.9798923728925011
fixed_fusion,fakemusiccaps__count_control_StableAudio,fakemusiccaps,1102,5520,0.9829022988505747
fixed_fusion,fakemusiccaps__without_AudioLDM,fakemusiccaps,1102,5520,0.979648333727873
fixed_fusion,fakemusiccaps__count_control_AudioLDM,fakemusiccaps,1102,5520,0.982124973697362
fixed_fusion,artifactbench__fmc_fit_only,artifactbench,860,1404,0.8691023984628635
two_member,artifactbench__base,artifactbench,860,1404,0.9796660703637448
two_member,echoes__base,echoes,59,742,0.9435903878660515
two_member,fakemusiccaps__base,fakemusiccaps,1102,5520,0.9761639739340856
two_member,artifactbench__without_Suno,artifactbench,860,1404,0.9731887298747764
two_member,artifactbench__count_control_Suno,artifactbench,860,1404,0.9752116047174186
two_member,artifactbench__without_Udio,artifactbench,860,1404,0.8737013847478965
two_member,artifactbench__count_control_Udio,artifactbench,860,1404,0.9737957993771947
two_member,artifactbench__without_MusicGen,artifactbench,860,1404,0.9809725535016233
two_member,artifactbench__count_control_MusicGen,artifactbench,860,1404,0.9825212847015172
two_member,echoes__without_Suno,echoes,59,742,0.921787199049751
two_member,echoes__count_control_Suno,echoes,59,742,0.9374114852208872
two_member,echoes__without_Udio,echoes,59,742,0.9228493763991047
two_member,echoes__count_control_Udio,echoes,59,742,0.9437959705788297
two_member,fakemusiccaps__without_MusicGen,fakemusiccaps,1102,5520,0.9707577954443831
two_member,fakemusiccaps__count_control_MusicGen,fakemusiccaps,1102,5520,0.9723737637760068
two_member,artifactbench__without_StableAudio,artifactbench,860,1404,0.9728773272377924
two_member,artifactbench__count_control_StableAudio,artifactbench,860,1404,0.9804520307427285
two_member,artifactbench__without_DiffRhythm,artifactbench,860,1404,0.9816235175246804
two_member,artifactbench__count_control_DiffRhythm,artifactbench,860,1404,0.9794627476313523
two_member,echoes__without_StableAudio,echoes,59,742,0.9401297455342867
two_member,echoes__count_control_StableAudio,echoes,59,742,0.9469939238887113
two_member,echoes__without_AudioLDM,echoes,59,742,0.9337338389145234
two_member,echoes__count_control_AudioLDM,echoes,59,742,0.9377998081228014
two_member,echoes__without_DiffRhythm,echoes,59,742,0.9420827813056787
two_member,echoes__count_control_DiffRhythm,echoes,59,742,0.9421741514002467
two_member,fakemusiccaps__without_StableAudio,fakemusiccaps,1102,5520,0.9711437044635576
two_member,fakemusiccaps__count_control_StableAudio,fakemusiccaps,1102,5520,0.9723546943633445
two_member,fakemusiccaps__without_AudioLDM,fakemusiccaps,1102,5520,0.9675302151555801
two_member,fakemusiccaps__count_control_AudioLDM,fakemusiccaps,1102,5520,0.9747868664352035
two_member,artifactbench__fmc_fit_only,artifactbench,860,1404,0.842736699132048
learned_fusion,artifactbench__base,artifactbench,860,1404,0.98818988935268
learned_fusion,echoes__base,echoes,59,742,0.9783681301110148
learned_fusion,fakemusiccaps__base,fakemusiccaps,1102,5520,0.9945410518424999
learned_fusion,artifactbench__without_Suno,artifactbench,860,1404,0.9790391240972637
learned_fusion,artifactbench__count_control_Suno,artifactbench,860,1404,0.9851537136420858
learned_fusion,artifactbench__without_Udio,artifactbench,860,1404,0.9194204266878685
learned_fusion,artifactbench__count_control_Udio,artifactbench,860,1404,0.9830956403630822
learned_fusion,artifactbench__without_MusicGen,artifactbench,860,1404,0.99114241701451
learned_fusion,artifactbench__count_control_MusicGen,artifactbench,860,1404,0.9896417213277678
learned_fusion,echoes__without_Suno,echoes,59,742,0.95799259902234
learned_fusion,echoes__count_control_Suno,echoes,59,742,0.9673808762392068
learned_fusion,echoes__without_Udio,echoes,59,742,0.938850564210334
learned_fusion,echoes__count_control_Udio,echoes,59,742,0.9629722691762985
learned_fusion,fakemusiccaps__without_MusicGen,fakemusiccaps,1102,5520,0.9897985217917356
learned_fusion,fakemusiccaps__count_control_MusicGen,fakemusiccaps,1102,5520,0.9948596425471475
learned_fusion,artifactbench__without_StableAudio,artifactbench,860,1404,0.9826012058570197
learned_fusion,artifactbench__count_control_StableAudio,artifactbench,860,1404,0.9892085735108991
learned_fusion,artifactbench__without_DiffRhythm,artifactbench,860,1404,0.987807261644471
learned_fusion,artifactbench__count_control_DiffRhythm,artifactbench,860,1404,0.9880358444311932
learned_fusion,echoes__without_StableAudio,echoes,59,742,0.9700077664580383
learned_fusion,echoes__count_control_StableAudio,echoes,59,742,0.9791904609621271
learned_fusion,echoes__without_AudioLDM,echoes,59,742,0.9702818767417424
learned_fusion,echoes__count_control_AudioLDM,echoes,59,742,0.9791904609621273
learned_fusion,echoes__without_DiffRhythm,echoes,59,742,0.9706930421672987
learned_fusion,echoes__count_control_DiffRhythm,echoes,59,742,0.9739595230481064
learned_fusion,fakemusiccaps__without_StableAudio,fakemusiccaps,1102,5520,0.9925938346616165
learned_fusion,fakemusiccaps__count_control_StableAudio,fakemusiccaps,1102,5520,0.9937523014808385
learned_fusion,fakemusiccaps__without_AudioLDM,fakemusiccaps,1102,5520,0.9894659578105685
learned_fusion,fakemusiccaps__count_control_AudioLDM,fakemusiccaps,1102,5520,0.9956454338620163
learned_fusion,artifactbench__fmc_fit_only,artifactbench,860,1404,0.8692373948187901
clam,artifactbench__base,artifactbench,860,1404,0.9289662426290333
clam,echoes__base,echoes,59,742,0.895061446388597
clam,fakemusiccaps__base,fakemusiccaps,1102,5520,0.8020838265077987
clam,artifactbench__without_Suno,artifactbench,860,1404,0.8966449678658981
clam,artifactbench__count_control_Suno,artifactbench,860,1404,0.9155808984297356
clam,artifactbench__without_Udio,artifactbench,860,1404,0.8944858543695754
clam,artifactbench__count_control_Udio,artifactbench,860,1404,0.9133704366262506
clam,artifactbench__without_MusicGen,artifactbench,860,1404,0.8980297157622739
clam,artifactbench__count_control_MusicGen,artifactbench,860,1404,0.9204076393029881
clam,echoes__without_Suno,echoes,59,742,0.8727899858376353
clam,echoes__count_control_Suno,echoes,59,742,0.9014573530083604
clam,echoes__without_Udio,echoes,59,742,0.8959751473342774
clam,echoes__count_control_Udio,echoes,59,742,0.8934396272100141
clam,fakemusiccaps__without_MusicGen,fakemusiccaps,1102,5520,0.7834964096898919
clam,fakemusiccaps__count_control_MusicGen,fakemusiccaps,1102,5520,0.8035745285252112
clam,artifactbench__without_StableAudio,artifactbench,860,1404,0.9190096402305705
clam,artifactbench__count_control_StableAudio,artifactbench,860,1404,0.9294474259590539
clam,artifactbench__without_DiffRhythm,artifactbench,860,1404,0.916315510501557
clam,artifactbench__count_control_DiffRhythm,artifactbench,860,1404,0.9229179089644206
clam,echoes__without_StableAudio,echoes,59,742,0.8997213212115674
clam,echoes__count_control_StableAudio,echoes,59,742,0.8809676093014756
clam,echoes__without_AudioLDM,echoes,59,742,0.8860386495500023
clam,echoes__count_control_AudioLDM,echoes,59,742,0.8867010827356206
clam,echoes__without_DiffRhythm,echoes,59,742,0.8984878249348988
clam,echoes__count_control_DiffRhythm,echoes,59,742,0.8806478139704875
clam,fakemusiccaps__without_StableAudio,fakemusiccaps,1102,5520,0.783329716720587
clam,fakemusiccaps__count_control_StableAudio,fakemusiccaps,1102,5520,0.8074538388700386
clam,fakemusiccaps__without_AudioLDM,fakemusiccaps,1102,5520,0.780850528683027
clam,fakemusiccaps__count_control_AudioLDM,fakemusiccaps,1102,5520,0.8009151674162919
clam,artifactbench__fmc_fit_only,artifactbench,860,1404,0.7933785529715762
musicdet,artifactbench__base,artifactbench,860,1404,0.7216002451467567
musicdet,echoes__base,echoes,59,742,0.6573164603225364
musicdet,fakemusiccaps__base,fakemusiccaps,1102,5520,0.5296288533364897
musicdet,artifactbench__without_Suno,artifactbench,860,1404,0.7216002451467567
musicdet,artifactbench__count_control_Suno,artifactbench,860,1404,0.7216002451467567
musicdet,artifactbench__without_Udio,artifactbench,860,1404,0.7216002451467567
musicdet,artifactbench__count_control_Udio,artifactbench,860,1404,0.7216002451467567
musicdet,artifactbench__without_MusicGen,artifactbench,860,1404,0.7216002451467567
musicdet,artifactbench__count_control_MusicGen,artifactbench,860,1404,0.7216002451467567
musicdet,echoes__without_Suno,echoes,59,742,0.6573164603225364
musicdet,echoes__count_control_Suno,echoes,59,742,0.6573164603225364
musicdet,echoes__without_Udio,echoes,59,742,0.6573164603225364
musicdet,echoes__count_control_Udio,echoes,59,742,0.6573164603225364
musicdet,fakemusiccaps__without_MusicGen,fakemusiccaps,1102,5520,0.5296288533364897
musicdet,fakemusiccaps__count_control_MusicGen,fakemusiccaps,1102,5520,0.5296288533364897
musicdet,artifactbench__fmc_fit_only,artifactbench,860,1404,0.672768005035447
sofia_vag,artifactbench__base,artifactbench,860,1404,0.9245776187636652
sofia_vag,echoes__base,echoes,59,742,0.9414089268582393
sofia_vag,fakemusiccaps__base,fakemusiccaps,1102,5520,0.9422468042294642
sofia_vag,artifactbench__without_Suno,artifactbench,860,1404,0.9056806135294508
sofia_vag,artifactbench__count_control_Suno,artifactbench,860,1404,0.9254397734048896
sofia_vag,artifactbench__without_Udio,artifactbench,860,1404,0.9259847280196116
sofia_vag,artifactbench__count_control_Udio,artifactbench,860,1404,0.9259159875438946
sofia_vag,artifactbench__without_MusicGen,artifactbench,860,1404,0.9239763466507653
sofia_vag,artifactbench__count_control_MusicGen,artifactbench,860,1404,0.9328786523553965
sofia_vag,echoes__without_Suno,echoes,59,742,0.9126730321165882
sofia_vag,echoes__count_control_Suno,echoes,59,742,0.9019142034812007
sofia_vag,echoes__without_Udio,echoes,59,742,0.8994928959751474
sofia_vag,echoes__count_control_Udio,echoes,59,742,0.9281831056695143
sofia_vag,fakemusiccaps__without_MusicGen,fakemusiccaps,1102,5520,0.9214853099765907
sofia_vag,fakemusiccaps__count_control_MusicGen,fakemusiccaps,1102,5520,0.9423834135563798
sofia_vag,artifactbench__without_StableAudio,artifactbench,860,1404,0.9372134433180945
sofia_vag,artifactbench__count_control_StableAudio,artifactbench,860,1404,0.9366337043662625
sofia_vag,artifactbench__without_DiffRhythm,artifactbench,860,1404,0.9103429569999337
sofia_vag,artifactbench__count_control_DiffRhythm,artifactbench,860,1404,0.9231837606837607
sofia_vag,echoes__without_StableAudio,echoes,59,742,0.9317922244049524
sofia_vag,echoes__count_control_StableAudio,echoes,59,742,0.925624743021609
sofia_vag,echoes__without_AudioLDM,echoes,59,742,0.9315637991685322
sofia_vag,echoes__count_control_AudioLDM,echoes,59,742,0.9285942710950706
sofia_vag,echoes__without_DiffRhythm,echoes,59,742,0.9316094842158161
sofia_vag,echoes__count_control_DiffRhythm,echoes,59,742,0.9317465393576683
sofia_vag,fakemusiccaps__without_StableAudio,fakemusiccaps,1102,5520,0.9212504767353166
sofia_vag,fakemusiccaps__count_control_StableAudio,fakemusiccaps,1102,5520,0.9354370512112364
sofia_vag,fakemusiccaps__without_AudioLDM,fakemusiccaps,1102,5520,0.9311922985875484
sofia_vag,fakemusiccaps__count_control_AudioLDM,fakemusiccaps,1102,5520,0.9336958165654015
sofia_vag,artifactbench__fmc_fit_only,artifactbench,860,1404,0.836133886569933
comoe_dac,artifactbench__base,artifactbench,860,1404,0.865455426356589
comoe_dac,echoes__base,echoes,59,742,0.7740189136095755
comoe_dac,fakemusiccaps__base,fakemusiccaps,1102,5520,0.7427573219968964
comoe_dac,artifactbench__without_Suno,artifactbench,860,1404,0.8652761213807725
comoe_dac,artifactbench__count_control_Suno,artifactbench,860,1404,0.8681077320612205
comoe_dac,artifactbench__without_Udio,artifactbench,860,1404,0.8670542635658915
comoe_dac,artifactbench__count_control_Udio,artifactbench,860,1404,0.8550429006824356
comoe_dac,artifactbench__without_MusicGen,artifactbench,860,1404,0.8612444510700324
comoe_dac,artifactbench__count_control_MusicGen,artifactbench,860,1404,0.8572649572649573
comoe_dac,echoes__without_Suno,echoes,59,742,0.7399150258120517
comoe_dac,echoes__count_control_Suno,echoes,59,742,0.761386998035543
comoe_dac,echoes__without_Udio,echoes,59,742,0.7533464297135548
comoe_dac,echoes__count_control_Udio,echoes,59,742,0.7769655991593951
comoe_dac,fakemusiccaps__without_MusicGen,fakemusiccaps,1102,5520,0.767189267208501
comoe_dac,fakemusiccaps__count_control_MusicGen,fakemusiccaps,1102,5520,0.7643861457429182
comoe_dac,artifactbench__fmc_fit_only,artifactbench,860,1404,0.7881985854369575
handcrafted,artifactbench__base,artifactbench,860,1404,0.863176638176638
handcrafted,echoes__base,echoes,59,742,0.8018411074055461
handcrafted,fakemusiccaps__base,fakemusiccaps,1102,5520,0.7089963242063179
handcrafted,artifactbench__without_Suno,artifactbench,860,1404,0.8604899622341483
handcrafted,artifactbench__count_control_Suno,artifactbench,860,1404,0.8594041939972172
handcrafted,artifactbench__without_Udio,artifactbench,860,1404,0.8563771284701518
handcrafted,artifactbench__count_control_Udio,artifactbench,860,1404,0.8594058503942225
handcrafted,artifactbench__without_MusicGen,artifactbench,860,1404,0.8653142185118929
handcrafted,artifactbench__count_control_MusicGen,artifactbench,860,1404,0.8653125621148876
handcrafted,echoes__without_Suno,echoes,59,742,0.7990314769975786
handcrafted,echoes__count_control_Suno,echoes,59,742,0.7973639727717118
handcrafted,echoes__without_Udio,echoes,59,742,0.7936634839417059
handcrafted,echoes__count_control_Udio,echoes,59,742,0.7973868152953539
handcrafted,fakemusiccaps__without_MusicGen,fakemusiccaps,1102,5520,0.7069340329835082
handcrafted,fakemusiccaps__count_control_MusicGen,fakemusiccaps,1102,5520,0.7077855808937636
handcrafted,artifactbench__without_StableAudio,artifactbench,860,1404,0.8576633207447162
handcrafted,artifactbench__count_control_StableAudio,artifactbench,860,1404,0.865141125024846
handcrafted,artifactbench__without_DiffRhythm,artifactbench,860,1404,0.8629936063075598
handcrafted,artifactbench__count_control_DiffRhythm,artifactbench,860,1404,0.863055721195256
handcrafted,echoes__without_StableAudio,echoes,59,742,0.7926355703778153
handcrafted,echoes__count_control_StableAudio,echoes,59,742,0.803074603682215
handcrafted,echoes__without_AudioLDM,echoes,59,742,0.7973868152953538
handcrafted,echoes__count_control_AudioLDM,echoes,59,742,0.803188816300425
handcrafted,echoes__without_DiffRhythm,echoes,59,742,0.8018867924528301
handcrafted,echoes__count_control_DiffRhythm,echoes,59,742,0.8017954223582622
handcrafted,fakemusiccaps__without_StableAudio,fakemusiccaps,1102,5520,0.708752038454457
handcrafted,fakemusiccaps__count_control_StableAudio,fakemusiccaps,1102,5520,0.7079118335569058
handcrafted,fakemusiccaps__without_AudioLDM,fakemusiccaps,1102,5520,0.7084669836134564
handcrafted,fakemusiccaps__count_control_AudioLDM,fakemusiccaps,1102,5520,0.707564309950288
handcrafted,artifactbench__fmc_fit_only,artifactbench,860,1404,0.8587996090903067
